מחוז,רשות מקומית ,שם האתר,כתובת,שנת תחילת טיפול,שנת       סיום      טיפול ,זיהום   גז קרקע  ,זיהום קרקע,דרגת זיהום לפני שיקום,סוג סקר,מקור הזיהום ,סוג מזהם מתכות ,סוג מזהם דלקים,סוג מזהם ממסים (לרבות מוכלרים),סוג מזהם שמנים,סוג מזהם חומרי נפץ,סוג מזהם חומרי הדברה,מיגון מבנים         
"ת""א",הרצלייה,"אס""פ הרצליה הילס - הר 1903",צפון מזרחית לצומת הסירה הרצליה,2005,2014,יש זיהום ,יש זיהום,בינוני,שיקום ,אתרי אשפה,כן,כן,כן,כן,לא,לא,מיגון לאחר בדיקה
"ת""א",הרצלייה,"הר 1934 -אס""פ בור הבוצה הגדול",דרומית מזרחית לצומת הסירה,1999,2009,לא נבדק ויש פוטנציאל ,יש זיהום,בינוני,שיקום ,אחר,כן,כן,לא,כן,לא,כן,טרם נבדק
"ת""א",בני-ברק,בית לחיים,כהנמן 72,2011,2014,נבדק ואין זיהום,לא נבדק ויש פוטנציאל,אין זיהום ,סקר גז קרקע,אחר,לא,לא,לא,לא,לא,לא,מיגון על פי חובה בתשריט
"ת""א",תל-אביב,ת.ד. פז סלמה,דרך סלמה 27,2005,2014,יש זיהום ,היה זיהום בעבר ששוקם,בינוני,סקר קרקע,תחנות דלק,לא,לא,כן,לא,לא,לא,טרם נבדק
"ת""א",תל-אביב,ת.ד. פז רימון,הלל הזקן 14,2009,2011,יש זיהום ,יש זיהום,קל,סקר קרקע,תחנות דלק,לא,כן,לא,לא,לא,לא,טרם נבדק
"ת""א",תל-אביב,ת.ד. פז רשף,סעדיה הגאון 24,2010,2013,יש זיהום ,יש זיהום,קל,סקר קרקע,תחנות דלק,לא,כן,לא,לא,לא,לא,טרם נבדק
"ת""א",אור יהודה,מוסך אור יהודה,המפעל 11,2007,2008,נבדק ואין זיהום,לא נבדק ויש פוטנציאל,אין זיהום ,סקר קרקע,מוסך,לא,לא,לא,לא,לא,לא,נבדק וניתן פטור ממיגון
"ת""א",בני-ברק,בב 804 אוסם,אהרונוביץ' 22,2006,2010,לא נבדק ויש פוטנציאל,יש זיהום,כבד,סקר קרקע,,לא,כן,לא,לא,לא,לא,טרם נבדק
"ת""א",אור יהודה,מוסך עופרה ,העמל 14,2009,2011,נבדק ואין זיהום,לא נבדק ויש פוטנציאל,אין זיהום ,שיקום ,מוסך,לא,לא,לא,לא,לא,לא,מיגון לאחר בדיקה
"ת""א",תל-אביב,ת.ד.  כיכר אתרים,הירקון 165,2007,2009,היה זיהום בעבר ששוקם,היה זיהום בעבר ששוקם,קל,שיקום ,תחנות דלק,לא,כן,כן,לא,לא,לא,טרם נבדק
"ת""א",תל-אביב,ת.ד. דלק פרבר,שדרות ירושליים 210,2011,2014,היה זיהום בעבר ששוקם,יש זיהום,כבד,שיקום ,תחנות דלק,לא,כן,כן,לא,לא,לא,טרם נבדק
"ת""א",תל-אביב,ת.ד. סונול גבעת הרצל,הרצל 138,2009,2014,היה זיהום בעבר ששוקם,היה זיהום בעבר ששוקם,בינוני,שיקום ,תחנות דלק,לא,כן,כן,לא,לא,לא,טרם נבדק
"ת""א",תל-אביב,ת.ד. סונול הכיכר לוריא,לוריא 8,2011,2015,היה זיהום בעבר ששוקם,היה זיהום בעבר ששוקם,כבד,שיקום ,תחנות דלק,לא,כן,כן,לא,לא,לא,טרם נבדק
"ת""א",חולון,הנגר 6,הנגר 6,2007,2011,נבדק ואין זיהום,יש זיהום,קל,סקר קרקע,תעשיה,לא,כן,לא,לא,לא,לא,נבדק וניתן פטור ממיגון
"ת""א",חולון,הרוקמים 40,הרוקמים 40,2012,2013,יש זיהום ,יש זיהום,כבד,שיקום ,תעשיה,כן,כן,כן,לא,לא,לא,מיגון לאחר בדיקה
"ת""א",חולון,"זוקו שיווק והפצה בע""מ",המרכבה 12,2006,2008,יש זיהום ,לא נבדק ויש פוטנציאל,כבד,סקר גז קרקע,תעשיה,לא,לא,כן,לא,לא,לא,מיגון לאחר בדיקה
"ת""א",חולון,יהודה יבוא יצוא ,פרופסור שור 59,2010,2013,יש זיהום ,יש זיהום,כבד,שיקום ,תעשיה,כן,כן,כן,לא,לא,לא,טרם נבדק
"ת""א",חולון ,כרמור,המשביר 26 פינת החופר 11 ,2012,2013,נבדק ואין זיהום,היה זיהום בעבר ששוקם,בינוני ,שיקום ,תעשיה,כן,כן,,,,,נבדק וניתן פטור ממיגון
"ת""א",תל-אביב,חניון גבעון גינדי,"בין רחוב הארבעה לחשמונאים, צמוד לארניה ",2011,2014,יש זיהום ,לא נבדק ואין זיהום,כבד,סקר סיכונים,אחר,לא,לא,כן,לא,לא,לא,נבדק וניתן פטור ממיגון
"ת""א",תל-אביב,חזקיהו המלך 25,חזקיהו המלך 25,2010,2011,נבדק ואין זיהום,לא נבדק ואין זיהום,אין זיהום,סקר גז קרקע,אחר,לא,לא,לא,לא,לא,לא,מיגון על פי חובה בתשריט
"ת""א",תל-אביב,חילזון שלמה 38 שלבים 27,שלמה 38 שלבים 27,2011,2014,לא נבדק ויש פוטנציאל ,לא נבדק ויש פוטנציאל,אין זיהום ,סקר היסטורי,תעשיה,לא,לא,לא,לא,לא,לא,מיגון על פי חובה בתשריט
"ת""א",תל-אביב,סיני מתכות שניצלר 25-27 תל אביב,שניצלר 27 25,2013,2014,נבדק ואין זיהום,יש זיהום,בינוני,סקר קרקע,תעשיה,כן,כן,לא,כן,לא,לא,נבדק וניתן פטור ממיגון
"ת""א",תל-אביב,בית ספר מנשר לאומנות,הגליל 6,2011,2011,נבדק ואין זיהום,לא נבדק ואין זיהום,אין זיהום,סקר גז קרקע,אחר,לא,לא,לא,לא,לא,לא,נבדק וניתן פטור ממיגון
"ת""א",תל-אביב,בעל העקידה 27א'- 33,בעל העקידה 27א'- 33,2011,2013,יש זיהום ,לא נבדק ואין זיהום,קל,סקר גז קרקע,אחר,לא,לא,כן,לא,לא,לא,מיגון לאחר בדיקה
"ת""א",חולון,כנם מרכזים רפואיים רחוב רפאל איתן,רפאל איתן  6,2013,2013,יש זיהום ,לא נבדק ויש פוטנציאל,בינוני ,סקר גז קרקע,אחר,,,כן,,,,מיגון לאחר בדיקה
"ת""א",חולון,כרומת,הנגר 5-8,2006,2007,יש זיהום ,נבדק ואין זיהום,כבד,סקר קרקע,תעשיה,,,,,,,מיגון לאחר בדיקה
"ת""א",חולון,לנגסם,הפלד 10,2008,2008,נבדק ואין זיהום,נבדק ואין זיהום,אין זיהום ,סקר קרקע,תעשיה,לא,לא,לא,לא,לא,לא,נבדק וניתן פטור ממיגון
"ת""א",חולון,מ.מסחרי ח\300,המרגנית 2 ,2011,2013,יש זיהום ,לא נבדק ויש פוטנציאל,קל,,,,,,,,,נבדק וניתן פטור ממיגון
"ת""א",חולון,מוסיק ,הנפח 6,2009,2012,נבדק ואין זיהום,נבדק ואין זיהום,אין זיהום ,,מוסך,,,,,,,נבדק וניתן פטור ממיגון
"ת""א",גבעתיים,בן ציון ישראלי 17 - 15,בן ציון ישראלי 17 - 15,2011,2014,נבדק ואין זיהום,לא נבדק ואין זיהום,אין זיהום ,סקר גז קרקע,אחר,,,כן,,,,נבדק וניתן פטור ממיגון
"ת""א",גבעתיים,ברדיצ'בסקי 31,ברדיצ'בסקי 31,2011,2014,נבדק ואין זיהום,לא נבדק ואין זיהום,אין זיהום ,סקר גז קרקע,אחר,,,כן,,,,נבדק וניתן פטור ממיגון
"ת""א",בת ים,אורט ישראל 25-27-שופרסל ,אורט ישראל 25-27,2010,2011,נבדק ואין זיהום,נבדק ואין זיהום,אין זיהום,סקר קרקע,תעשיה,לא,לא,לא,לא,לא,לא,טרם נבדק
"ת""א",בת ים,אחים לוי \ מאפיית אלעד\ אריאל,ניסנבאום 25,2001,2004,יש זיהום ,יש זיהום,כבד,סקר גז קרקע,תעשיה,כן,כן,לא,לא,לא,לא,מיגון על פי חובה בתשריט
"ת""א",תל-אביב,ראש פינה 12 פינת יסוד המעלה,ראש פינה 12 פינת יסוד המעלה,2011,2012,יש זיהום ,נבדק ואין זיהום,קל,סקר קרקע,אחר,לא,לא,כן,לא,לא,לא,מיגון לאחר בדיקה
"ת""א",תל-אביב,דרום הקריה דרך תת קרקעית ,קפלן תל אביב,2009,2014,יש זיהום ,נבדק ואין זיהום,כבד,סקר קרקע,אחר,לא,לא,כן,לא,לא,לא,מיגון לאחר בדיקה
"ת""א",בת ים,ציפוי חן,הצורפים 6,2005,2006,יש זיהום ,לא נבדק ויש פוטנציאל,כבד,סקר היסטורי,תעשיה,כן,לא,לא,לא,לא,לא,טרם נבדק
"ת""א",חולון,"אפקו ציוד (1991) בע""מ - הכישור 16",הכישור 16,2009,2011,יש זיהום ,יש זיהום,כבד,שיקום ,תעשיה,כן,כן,כן,לא,לא,לא,מיגון לאחר בדיקה
"ת""א",חולון,בית ספר חיים קוגל,רחוב חיים קוגל,2014,2014,נבדק ואין זיהום,לא נבדק ויש פוטנציאל,אין זיהום,לא צריך טיפול,אחר,,,,,,,נבדק וניתן פטור ממיגון
"ת""א",גבעתיים,הגורן 4,הגורן 4,2011,2011,לא נבדק ואין זיהום,לא נבדק ואין זיהום,אין זיהום ,פוטנציאל זיהום,,,,,,,,נבדק וניתן פטור ממיגון
"ת""א",הרצלייה,sea viewהסדנאות פינת המנופים,סדנאות/מנופים,2009,2012,יש זיהום ,יש זיהום,כבד,סקר קרקע,תעשיה,כן,כן,כן,לא,לא,לא,נבדק וניתן פטור ממיגון
"ת""א",תל-אביב,דרך קיבוץ גלויות 108 - 106,קיבוץ גלויות 108 - 106,2011,2012,נבדק ואין זיהום,היה זיהום בעבר ששוקם,קל,שיקום ,תחנות דלק,לא,כן,לא,כן,לא,לא,נבדק וניתן פטור ממיגון
"ת""א",תל-אביב,קדם 4,קדם 4,2011,2011,נבדק ואין זיהום,לא נבדק ואין זיהום,אין זיהום ,סקר גז קרקע,אחר,לא,לא,לא,לא,לא,לא,נבדק וניתן פטור ממיגון
"ת""א",תל-אביב,קהילת אודסה 22,קהילת אודסה 22,2013,2014,נבדק ואין זיהום,לא נבדק ואין זיהום,אין זיהום,סקר גז קרקע,אחר,לא,לא,לא,לא,לא,לא,נבדק וניתן פטור ממיגון
"ת""א",תל-אביב,קהילת בודפסט 17,קהילת בודפסט 18,2012,2012,נבדק ואין זיהום,לא נבדק ואין זיהום,אין זיהום,סקר גז קרקע,אחר,לא,לא,לא,לא,לא,לא,נבדק וניתן פטור ממיגון
"ת""א",תל-אביב,קהילת ורשה 69,קהילת ורשה 69,2013,2013,נבדק ואין זיהום,לא נבדק ואין זיהום,אין זיהום,סקר גז קרקע,אחר,לא,לא,לא,לא,לא,לא,נבדק וניתן פטור ממיגון
"ת""א",תל-אביב,קהילת יאסי 13,קהילת יאסי 13,2014,2014,יש זיהום ,לא נבדק ואין זיהום,קל,סקר גז קרקע,אחר,לא,לא,כן,לא,לא,לא,מיגון לאחר בדיקה
"ת""א",תל-אביב,קהילת קישניב 3,קהילת קישניב 3,2011,2011,נבדק ואין זיהום,לא נבדק ואין זיהום,אין זיהום,סקר גז קרקע,אחר,לא,לא,לא,לא,לא,לא,נבדק וניתן פטור ממיגון
"ת""א",תל-אביב,קפה בתיה - דיזנגוף 197,דיזנגוף 197,2013,2013,יש זיהום ,נבדק ואין זיהום,כבד,סקר קרקע,בבדיקה ,לא,לא,כן,לא,לא,לא,מיגון לאחר בדיקה
"ת""א",רמת-גן,קרמניצקי 16 - שדרות ההשכלה,קרמניצקי 16 - שדרות ההשכלה,2013,2013,יש זיהום ,יש זיהום,כבד,סקר קרקע,אחר,כן,כן,כן,כן,לא,לא,מיגון לאחר בדיקה
"ת""א",חולון,"כימיכלור שיווק בע""מ -פנינת האורגים",המנור פינת האורגים,2010,2010,נבדק ואין זיהום,נבדק ואין זיהום,אין זיהום ,,,,,,,,,נבדק וניתן פטור ממיגון
"ת""א",חולון,מוסיק חלפים,תמנע 29(לפי 27),2007,2009,יש זיהום ,היה זיהום בעבר ששוקם,כבד,שיקום ,תעשיה,,כן,כן,,,,מיגון לאחר בדיקה
"ת""א",חולון,מוסך ירקוני,הכישור,2008,2008,לא נבדק ויש פוטנציאל ,נבדק ואין זיהום,אין זיהום,סקר קרקע,מוסך,לא,לא,לא,לא,לא,לא,טרם נבדק
"ת""א",חולון,מחסני קרפרי,החופר 5,2011,2013,יש זיהום ,היה זיהום בעבר ששוקם,כבד,שיקום ,תעשיה,כן,כן,לא,לא,לא,לא,מיגון לאחר בדיקה
"ת""א",חולון,מסיעי שאשא ,הרוקמים 13,2006,2007,לא נבדק ויש פוטנציאל ,היה זיהום בעבר ששוקם,בינוני ,שיקום ,מוסך,כן,לא,לא,כן,לא,לא,טרם נבדק
"ת""א",חולון,מקורות,הפלד 1,2006,2007,לא נבדק ויש פוטנציאל ,היה זיהום בעבר ששוקם,כבד,שיקום ,תעשיה,לא,כן,לא,לא,לא,לא,טרם נבדק
"ת""א",חולון,מתחם UMI,האופן 1 פינת רחוב הפלד,2006,2007,יש זיהום ,היה זיהום בעבר ששוקם,כבד,שיקום ,מוסך,לא,כן,לא,כן,לא,לא,מיגון לאחר בדיקה
"ת""א",חולון,מתחם הופיין פינת זלמן ארן - מכבי,פינת זלמן ארן - מכבי,2010,2010,נבדק ואין זיהום,נבדק ואין זיהום,אין זיהום ,סקר קרקע,אחר,,,,,,,נבדק וניתן פטור ממיגון
"ת""א",חולון,סוביגל,המרכבה 47,0,2009,נבדק ואין זיהום,יש זיהום,קל,סקר קרקע,תעשיה,לא,כן,לא,לא,לא,לא,נבדק וניתן פטור ממיגון
"ת""א",גבעתיים,סירקין 4 ,סירקין 4,2013,2014,יש זיהום ,לא נבדק ויש פוטנציאל,קל,סקר גז קרקע,אחר,,,כן,,,,נבדק וניתן פטור ממיגון
"ת""א",חולון,פארק פרס,,2012,2012,נבדק ואין זיהום,נבדק ואין זיהום,אין זיהום ,סקר גז קרקע,,,,,,,,נבדק וניתן פטור ממיגון
"ת""א",חולון,פרופיט סיירים,המרכבה,2008,2008,נבדק ואין זיהום,לא נבדק ואין זיהום,אין זיהום ,סקר קרקע,תעשיה,לא,לא,לא,לא,לא,לא,נבדק וניתן פטור ממיגון
"ת""א",חולון,פרספלסט,פרופ' שור 59,2006,2006,יש זיהום ,לא נבדק ויש פוטנציאל,כבד,סקר קרקע,תעשיה,לא,לא,כן,לא,לא,לא,מיגון לאחר בדיקה
"ת""א",חולון,רוטרי הנדסה - סקר ישן ,הסדנא 16,2005,2006,יש זיהום ,לא נבדק ויש פוטנציאל,אין זיהום ,סקר קרקע,מוסך,לא,לא,לא,כן,לא,לא,נבדק וניתן פטור ממיגון
"ת""א",הרצלייה,בית עמנואל מפעלי לידר המנופים 13,המנופים 13,2006,2012,נבדק ואין זיהום,נבדק ואין זיהום,אין זיהום,לא צריך טיפול,,לא,לא,לא,לא,לא,לא,נבדק וניתן פטור ממיגון
"ת""א",אזור,אלון מתכת,דרך השבעה 11,2004,2014,לא נבדק ויש פוטנציאל ,היה זיהום בעבר ששוקם,כבד,שיקום ,תעשיה,לא,כן,לא,לא,לא,לא,טרם נבדק
"ת""א",אזור,פס הירוק מאא 249 א' ,בסמוך לכניסה לאזור מכביש 44,2013,2014,יש זיהום ,לא נבדק ויש פוטנציאל,כבד,סקר גז קרקע,תעשיה,לא,לא,כן,לא,לא,לא,מיגון לאחר בדיקה
"ת""א",בת ים,הר הפסולת,,2001,2014,יש זיהום ,לא נבדק ויש פוטנציאל,כבד,סקר גז קרקע,אתרי אשפה,לא,כן,כן,לא,לא,לא,מיגון לאחר בדיקה
"ת""א",תל-אביב,בן עטר 21 וסלמה 52,בן עטר 21 וסלמה 52 ,2010,2012,יש זיהום ,היה זיהום בעבר ששוקם,קל,שיקום ,תעשיה,כן,כן,כן,כן,לא,לא,מיגון לאחר בדיקה
"ת""א",חולון,תדירגן,המלאכה 21,2003,2008,יש זיהום ,יש זיהום,כבד,,תעשיה,,,,,,,מיגון לאחר בדיקה
"ת""א",תל-אביב,"חזנוביץ 10-12, שיבת ציון 3","חזנוביץ 10-12, שיבת ציון 4",2014,2014,יש זיהום ,לא נבדק ואין זיהום,כבד,סקר גז קרקע,אחר,לא,לא,כן,לא,לא,לא,מיגון לאחר בדיקה
"ת""א",תל-אביב,פוריה 5,פוריה 5,2010,2015,נבדק ואין זיהום,היה זיהום בעבר ששוקם,בינוני,סקר קרקע,תעשיה,כן,כן,לא,כן,לא,לא,נבדק וניתן פטור ממיגון
"ת""א",תל-אביב,פין 5,פין 5,2015,2015,נבדק ואין זיהום,לא נבדק ואין זיהום,אין זיהום,סקר גז קרקע,אחר,לא,לא,לא,לא,לא,לא,נבדק וניתן פטור ממיגון
"ת""א",תל-אביב,פלורנטין 11,פלורנטין 11,2011,2011,יש זיהום ,היה זיהום בעבר ששוקם,כבד,סקר קרקע,תעשיה,כן,לא,כן,לא,לא,לא,מיגון לאחר בדיקה
"ת""א",תל-אביב,פלורנטין 38,פלורנטין 38,2010,2011,יש זיהום ,לא נבדק ואין זיהום,כבד,סקר גז קרקע,אחר,לא,לא,כן,לא,לא,לא,מיגון לאחר בדיקה
"ת""א",תל-אביב,פרוייקט כיכר העליה העליה 27,העלייה 27,2014,2015,נבדק ואין זיהום,נבדק ואין זיהום,אין זיהום,סקר קרקע,אחר,לא,לא,לא,לא,לא,לא,נבדק וניתן פטור ממיגון
"ת""א",תל-אביב,צ'לנוב 10 - 8 ,צ'לנוב 10 - 8 ,2013,2013,נבדק ואין זיהום,לא נבדק ואין זיהום,אין זיהום ,סקר גז קרקע,אחר,לא,לא,לא,לא,לא,לא,
"ת""א",תל-אביב,צ'לנוב 24,צ'לנוב 24,2011,2011,יש זיהום ,לא נבדק ואין זיהום,בינוני,סקר גז קרקע,אחר,לא,לא,כן,לא,לא,לא,מיגון לאחר בדיקה
"ת""א",תל-אביב,צ'לנוב 6 הגדוד העברי 20,צ'לנוב 6 הגדוד העברי 21,2013,2014,נבדק ואין זיהום,לא נבדק ואין זיהום,אין זיהום,סקר גז קרקע,אחר,לא,לא,לא,לא,לא,לא,נבדק וניתן פטור ממיגון
"ת""א",תל-אביב,צ'לנוב 9,צ'לנוב 9,2010,2012,יש זיהום ,לא נבדק ואין זיהום,בינוני,סקר גז קרקע,אחר,לא,לא,כן,לא,לא,לא,מיגון לאחר בדיקה
"ת""א",קרית אונו,דירת מגורים,נחל גמלא 3,2014,2014,נבדק ואין זיהום,לא נבדק ויש פוטנציאל,אין זיהום,סקר גז קרקע,אחר,לא,לא,לא,לא,לא,לא,אין צורך במיגון
"ת""א",חולון,מוסך איסמעיל ,המנור 9,2009,2010,לא נבדק ויש פוטנציאל ,היה זיהום בעבר ששוקם,כבד,שיקום ,תעשיה,,כן,,,,,טרם נבדק
"ת""א",חולון,שגריר,הנפח 8,2007,2007,לא נבדק ויש פוטנציאל ,יש זיהום,בינוני ,,,,,,,,,טרם נבדק
"ת""א",חולון,רוטרי הנדסה  -  סקר חדש ,הסדנא 16,2013,2014,יש זיהום ,היה זיהום בעבר ששוקם,כבד,שיקום ,מוסך,לא,כן,כן,לא,לא,לא,מיגון לאחר בדיקה
"ת""א",חולון,אלגונל  ,הפטיש 6,2007,2010,יש זיהום ,יש זיהום,כבד,שיקום ,תעשיה,כן,לא,כן,לא,לא,לא,נבדק וניתן פטור ממיגון
"ת""א",תל-אביב,בית אכטמן,דרך מנחם בגין,2011,2011,יש זיהום ,לא נבדק ואין זיהום,כבד,סקר היסטורי,אחר,לא,לא,כן,לא,לא,לא,מיגון על פי חובה בתשריט
"ת""א",תל-אביב,המסגר 34,המסגר 34,2008,2013,יש זיהום ,היה זיהום בעבר ששוקם,קל,שיקום ,תעשיה,כן,כן,כן,כן,לא,לא,מיגון לאחר בדיקה
"ת""א",תל-אביב,המסגר 6,המסגר 6,2010,2013,יש זיהום ,לא נבדק ויש פוטנציאל,בינוני,סקר גז קרקע,,לא,לא,כן,לא,לא,לא,מיגון לאחר בדיקה
"ת""א",תל-אביב,המצביאים 50,המצביאים 50,2012,2012,נבדק ואין זיהום,לא נבדק ואין זיהום,אין זיהום ,סקר גז קרקע,אחר,לא,לא,לא,לא,לא,לא,נבדק וניתן פטור ממיגון
"ת""א",תל-אביב,זיקית - הברזל  24 - 16,הברזל 24 - 16 ,2001,2001,נבדק ואין זיהום,לא נבדק ואין זיהום,אין זיהום ,סקר גז קרקע,אחר,לא,לא,לא,לא,לא,לא,נבדק וניתן פטור ממיגון
"ת""א",תל-אביב,חילזון,שלמה 38 שלבים 27,2011,2014,לא נבדק ויש פוטנציאל ,לא נבדק ויש פוטנציאל,אין זיהום ,סקר היסטורי,תעשיה,לא,לא,לא,לא,לא,לא,מיגון על פי חובה בתשריט
"ת""א",תל-אביב,כדמוכרום,המסגר 34-37,2008,2013,יש זיהום ,היה זיהום בעבר ששוקם,קל,שיקום ,תעשיה,כן,כן,כן,כן,לא,לא,מיגון לאחר בדיקה
"ת""א",רמת-השרון,מול  דב הוז 1,,2011,2014,נבדק ואין זיהום,נבדק ואין זיהום,אין זיהום ,סקר גז קרקע,תעשיה,,,כן,,,,נבדק וניתן פטור ממיגון
"ת""א",רמת-השרון,מול יצחק שדה 30,,2011,2014,נבדק ואין זיהום,נבדק ואין זיהום,אין זיהום ,סקר גז קרקע,תעשיה,,,כן,,,,נבדק וניתן פטור ממיגון
"ת""א",תל-אביב,SGS,הסוללים 5,2011,2014,לא נבדק ויש פוטנציאל,לא נבדק ויש פוטנציאל,בינוני ,סקר גז קרקע,מוסך,,,כן,,,,מיגון לאחר בדיקה
"ת""א",תל-אביב,SGS,הסוללים 5,2011,2014,לא נבדק ויש פוטנציאל,לא נבדק ויש פוטנציאל,בינוני ,סקר גז קרקע,מוסך,לא,לא,כן,לא,לא,לא,מיגון לאחר בדיקה
"ת""א",תל-אביב,א.צ.ע שרות הדברה,בלפור 61,2011,2014,לא נבדק ויש פוטנציאל,לא נבדק ויש פוטנציאל,אין זיהום ,סקר גז קרקע,,,,כן,,,,
"ת""א",תל-אביב,אביב בלבונטין - מקווה ישראל הרכבת,"הרכבת 12, לבונטין 30, מקווה ישראל 17",2011,2014,יש זיהום ,לא נבדק ואין זיהום,בינוני,סקר גז קרקע,אחר,לא,לא,כן,לא,לא,לא,מיגון לאחר בדיקה
"ת""א",תל-אביב,אברבנל 90 - תחנת מעבר,אברבנל 90  ,2011,2014,לא נבדק ויש פוטנציאל ,יש זיהום,בינוני,סקר גז קרקע,תעשיה,כן,כן,כן,כן,לא,לא,טרם נבדק
"ת""א",חולון,אגד הבנאי - תחנת תדלוק,הבנאי 1 בתוך מתחם אגד,2011,2014,יש זיהום ,לא נבדק ויש פוטנציאל,בינוני ,סקר גז קרקע,תעשיה,,,כן,,,,טרם נבדק
"ת""א",חולון,אגד החופר,החופר 11-15,2011,2014,לא נבדק ויש פוטנציאל,יש זיהום,בינוני ,סקר גז קרקע,מוסך,,,כן,,,,מיגון לאחר בדיקה
"ת""א",חולון,אודי עמיר מנופים - הכישור 16,הכישור 16,2011,2014,לא נבדק ויש פוטנציאל,יש זיהום,בינוני ,סקר גז קרקע,מוסך,לא,כן,כן,לא,לא,לא,טרם נבדק
"ת""א",תל-אביב,"אוניברסיטת ת""א - בית הספר פורטר ללימודי סביבה",ג'ורג' וייז פינת קלויזנר,2010,2010,לא נבדק ואין זיהום,היה זיהום בעבר ששוקם,קל,שיקום ,אחר,לא,כן,לא,לא,לא,לא,אין צורך במיגון
"ת""א",תל-אביב,איילת 48,איילת 48,2011,2014,לא נבדק ויש פוטנציאל,לא נבדק ויש פוטנציאל,אין זיהום ,סקר גז קרקע,,,,כן,,,,
"ת""א",תל-אביב,איסרליש 20,איסרליש 20,2006,2009,לא נבדק ויש פוטנציאל,היה זיהום בעבר ששוקם,קל,שיקום ,מוסך,לא,כן,כן,כן,לא,לא,מיגון על פי חובה בתשריט
"ת""א",חולון,אלביט (לשעבר תדיראן קשר),השופטים 26,2011,2014,יש זיהום ,יש זיהום,כבד,סקר גז קרקע,תעשיה,כן,כן,כן,לא,לא,לא,מיגון לאחר בדיקה
"ת""א",תל-אביב,אלעזר בן עזריה 20 \ בן גמליאל 3,אליעזר בן עזריה 20 \ בן גמליאל 3,2011,2014,לא נבדק ויש פוטנציאל,היה זיהום בעבר ששוקם,בינוני,שיקום ,תעשיה,כן,לא,כן,לא,לא,לא,טרם נבדק
"ת""א",תל-אביב,אלפסי 14 בניין משרדים,אלפסי 14 בניין משרדים,2011,2014,יש זיהום ,לא נבדק ואין זיהום,כבד,סקר גז קרקע,תעשיה,לא,לא,כן,לא,לא,לא,מיגון לאחר בדיקה
"ת""א",תל-אביב,אספרגוס 28,אספרגוס 28,2011,2014,לא נבדק ויש פוטנציאל,לא נבדק ויש פוטנציאל,אין זיהום ,פוטנציאל זיהום,אחר,לא,לא,כן,לא,לא,לא,מיגון על פי חובה בתשריט
"ת""א",תל-אביב,אספרגוס 33,אספרגוס 33 (גוש 6150 חלקה 357),2011,2014,לא נבדק ויש פוטנציאל,לא נבדק ויש פוטנציאל,אין זיהום ,סקר גז קרקע,,,,כן,,,,
"ת""א",תל-אביב,ארלוזרוב – ליד מרכז קהילתי -לוי,,2011,2014,יש זיהום ,לא נבדק ויש פוטנציאל,כבד,סקר גז קרקע,,,,כן,,,,מיגון לאחר בדיקה
"ת""א",תל-אביב,באכר 17,באכר 17,2011,2014,נבדק ואין זיהום,לא נבדק ואין זיהום,אין זיהום ,סקר גז קרקע,אחר,לא,לא,לא,לא,לא,לא,נבדק וניתן פטור ממיגון
"ת""א",גבעתיים,בורכוב 50,בורכוב 50,2011,2014,נבדק ואין זיהום,נבדק ואין זיהום,אין זיהום ,סקר גז קרקע,אחר,,,כן,,,,נבדק וניתן פטור ממיגון
"ת""א",רמת-השרון ,"ביאליק  תע""ש",,2011,2014,יש זיהום ,לא נבדק ויש פוטנציאל,כבד,סקר גז קרקע,,,,כן,,,,מיגון לאחר בדיקה
"ת""א",רמת-השרון,"ביה""ס אוסישקין 71",,2011,2014,נבדק ואין זיהום,נבדק ואין זיהום,אין זיהום ,סקר גז קרקע,,,,כן,,,,נבדק וניתן פטור ממיגון
"ת""א",תל-אביב,בית האשל 17,בית האשל 17,2011,2014,יש זיהום ,יש זיהום,כבד,סקר קרקע,תעשיה,כן,כן,כן,כן,לא,לא,מיגון לאחר בדיקה
"ת""א",תל-אביב,בית הלל 30,בית הלל 30,2011,2014,לא נבדק ויש פוטנציאל ,נבדק ואין זיהום,אין זיהום,פוטנציאל זיהום,,לא,לא,כן,לא,לא,לא,מיגון על פי חובה בתשריט
"ת""א",תל-אביב,בית שמאי 3,בית שמאי 3 (לפי 1),2011,2014,היה זיהום בעבר ששוקם,היה זיהום בעבר ששוקם,קל,שיקום ,תעשיה,לא,כן,כן,כן,לא,לא,מיגון על פי חובה בתשריט
"ת""א",רמת-השרון,בלפור 11,,2011,2014,נבדק ואין זיהום,נבדק ואין זיהום,אין זיהום ,סקר גז קרקע,,,,כן,,,,נבדק וניתן פטור ממיגון
"ת""א",תל-אביב,בן אביגדור 22,בן אביגדור 22,2011,2014,יש זיהום ,יש זיהום,בינוני,סקר גז קרקע,תעשיה,כן,כן,כן,כן,לא,לא,נבדק וניתן פטור ממיגון
"ת""א",תל-אביב,בן גמליאל 10,בן גמליאל 10,2011,2014,נבדק ואין זיהום,היה זיהום בעבר ששוקם,בינוני,שיקום ,תעשיה,כן,לא,כן,לא,לא,לא,נבדק וניתן פטור ממיגון
"ת""א",תל-אביב,בן יהודה 174,בן יהודה 174,2011,2014,יש זיהום ,לא נבדק ויש פוטנציאל,קל,סקר גז קרקע,אחר,לא,לא,כן,לא,לא,לא,מיגון לאחר בדיקה
"ת""א",רמת-השרון,בן שלום 1 פינת אוסישקין,,2011,2014,יש זיהום ,לא נבדק ויש פוטנציאל,כבד,סקר גז קרקע,,,,כן,,,,מיגון לאחר בדיקה
"ת""א",תל-אביב,בעל העקידה 41,בעל העקידה 41,2011,2014,נבדק ואין זיהום,יש זיהום,קל,סקר גז קרקע,תעשיה,כן,כן,כן,כן,לא,לא,נבדק וניתן פטור ממיגון
"ת""א",רמת-השרון ,גורדון 1 (גינה),,2011,2014,יש זיהום ,לא נבדק ויש פוטנציאל,כבד,סקר גז קרקע,,,,כן,,,,מיגון לאחר בדיקה
"ת""א",רמת-השרון,גן דולב (גינה ציבורית),,2011,2014,נבדק ואין זיהום,נבדק ואין זיהום,אין זיהום ,סקר גז קרקע,,,,,,,,נבדק וניתן פטור ממיגון
"ת""א",רמת-השרון,הוסטל דב הוז (תחנת אוטובוס 92),,2011,2014,נבדק ואין זיהום,נבדק ואין זיהום,אין זיהום ,סקר גז קרקע,תעשיה,,,כן,,,,נבדק וניתן פטור ממיגון
"ת""א",רמת-השרון,המלכים 17,,2011,2014,נבדק ואין זיהום,נבדק ואין זיהום,אין זיהום ,סקר גז קרקע,תעשיה,,,כן,,,,נבדק וניתן פטור ממיגון
"ת""א",רמת-השרון,המתנחלים 30,,2011,2014,נבדק ואין זיהום,נבדק ואין זיהום,אין זיהום ,סקר גז קרקע,תעשיה,,,כן,,,,נבדק וניתן פטור ממיגון
"ת""א",רמת-השרון,הנביאים פינת המלאכים (מסעדת המקום של אהרון),,2011,2014,נבדק ואין זיהום,נבדק ואין זיהום,אין זיהום ,סקר גז קרקע,תעשיה,,,כן,,,,נבדק וניתן פטור ממיגון
"ת""א",רמת-השרון,הנוטע פינת הקוצר,,2011,2014,נבדק ואין זיהום,נבדק ואין זיהום,אין זיהום ,סקר גז קרקע,תעשיה,,,כן,,,,נבדק וניתן פטור ממיגון
"ת""א",רמת-השרון,"הנצח 3 מול קופ""ח מכבי (אוטו אדיב)",,2011,2014,יש זיהום ,לא נבדק ויש פוטנציאל,כבד,סקר גז קרקע,תעשיה,,,כן,,,,מיגון לאחר בדיקה
"ת""א",רמת-השרון,הנצח ארינה  (תחנת שאיבת ביוב),,2011,2014,נבדק ואין זיהום,נבדק ואין זיהום,אין זיהום ,סקר גז קרקע,תעשיה,,,כן,,,,נבדק וניתן פטור ממיגון
"ת""א",רמת-השרון,"הפלמ""ח פינת המחתרת",,2011,2014,נבדק ואין זיהום,נבדק ואין זיהום,אין זיהום ,סקר גז קרקע,תעשיה,,,כן,,,,נבדק וניתן פטור ממיגון
"ת""א",רמת-השרון,ויתקין 15,,2011,2014,יש זיהום ,לא נבדק ויש פוטנציאל,כבד,סקר גז קרקע,תעשיה,,,כן,,,,מיגון לאחר בדיקה
"ת""א",בת ים,חזן סודני ,בלפור 100,2011,2014,נבדק ואין זיהום,לא נבדק ויש פוטנציאל,אין זיהום ,סקר גז קרקע,תעשיה,לא,לא,כן,לא,לא,לא,נבדק וניתן פטור ממיגון
"ת""א",רמת-השרון,חניית אולם ספורט אורנים,,2011,2014,יש זיהום ,לא נבדק ויש פוטנציאל,כבד,סקר גז קרקע,תעשיה,,,כן,,,,מיגון לאחר בדיקה
"ת""א",רמת-השרון,"חניית ביה""ס רוטברג – רח' במעלה",,2011,2014,נבדק ואין זיהום,נבדק ואין זיהום,אין זיהום ,סקר גז קרקע,תעשיה,,,כן,,,,נבדק וניתן פטור ממיגון
"ת""א",רמת-השרון,חניית רח' הפרדס,,2011,2014,יש זיהום ,לא נבדק ויש פוטנציאל,כבד,סקר גז קרקע,תעשיה,,,כן,,,,מיגון לאחר בדיקה
"ת""א",רמת-השרון,יבנה פינת נצח,,2011,2014,יש זיהום ,לא נבדק ויש פוטנציאל,כבד,סקר גז קרקע,תעשיה,,,כן,,,,מיגון לאחר בדיקה
"ת""א",רמת-השרון,יהודה הלוי 45 (חניון),,2011,2014,נבדק ואין זיהום,נבדק ואין זיהום,אין זיהום ,סקר גז קרקע,תעשיה,,,כן,,,,נבדק וניתן פטור ממיגון
"ת""א",רמת-השרון,יפתח פינת השופטים,,2011,2014,נבדק ואין זיהום,נבדק ואין זיהום,אין זיהום ,סקר גז קרקע,תעשיה,,,כן,,,,נבדק וניתן פטור ממיגון
"ת""א",רמת-גן,מגדל הילקריסט רג - 1500 א /1,"בין הרחובות – מנחם בגין במזרח, נתיבי איילון במערב ורח' התע""ש",2011,2014,נבדק ואין זיהום,לא נבדק ויש פוטנציאל,אין זיהום ,סקר גז קרקע,,,,כן,,,,
"ת""א",בת ים,מוסך דן - תחנת תדלוק,העמל 14,2004,2007,נבדק ואין זיהום,לא נבדק ויש פוטנציאל,אין זיהום ,שיקום ,,,,כן,,,,
"ת""א",גלילי,מקווה ישראל - אזור תדלוק,,2011,2014,נבדק ואין זיהום,לא נבדק ויש פוטנציאל,אין זיהום ,סקר קרקע,תעשיה,,,כן,,,,
"ת""א",תל-אביב,"מתחם מגדל ליבר ת""א","מתחם מגדל ליבר ת""א",2011,2014,יש זיהום ,היה זיהום בעבר ששוקם,קל,שיקום ,אחר,לא,לא,לא,לא,לא,לא,נבדק וניתן פטור ממיגון
"ת""א",רמת-גן,עלית  ,ארלוזורוב 85,2011,2014,יש זיהום ,לא נבדק ויש פוטנציאל,אין זיהום ,סקר גז קרקע,אחר,,,כן,,,,בבדיקה
"ת""א",רמת-השרון,צבי בנימין 15,,2011,2014,נבדק ואין זיהום,נבדק ואין זיהום,אין זיהום ,סקר קרקע,תעשיה,,,כן,,,,נבדק וניתן פטור ממיגון
"ת""א",חולון,ת.ד  סונול המרכבה,המרכבה 35,2011,2014,יש זיהום ,יש זיהום,כבד,סקר גז קרקע,תעשיה,לא,כן,כן,לא,לא,לא,מיגון לאחר בדיקה
"ת""א",חולון,ת.ד דיסקאונט (קימעונאות ומרכבות האש לשעבר),המרכבה 14,2011,2014,יש זיהום ,יש זיהום,כבד,שיקום ,תעשיה,לא,כן,כן,לא,לא,לא,מיגון לאחר בדיקה
"ת""א",רמת-גן,"ת.ד. סד""ש תל השומר( פרטי )",בבית חולים תל השומר,2011,2014,יש זיהום ,לא נבדק ויש פוטנציאל,אין זיהום ,סקר גז קרקע,אחר,,,כן,,,,
"ת""א",רמת-גן,ת.ד. סונול מכבים,אלוף שדה 101,2011,2014,יש זיהום ,לא נבדק ויש פוטנציאל,אין זיהום ,סקר גז קרקע,תחנות דלק,לא,כן,כן,לא,לא,לא,
"ת""א",בת ים,ת.ד. פז דוד,דוד רזיאל 5,2011,2014,יש זיהום ,לא נבדק ויש פוטנציאל,כבד,סקר גז קרקע,תחנות דלק,לא,כן,כן,לא,לא,לא,טרם נבדק
"ת""א",רמת-גן,ת.ד. פז קרית גן,אלוף שדה 52,2011,2014,יש זיהום ,לא נבדק ויש פוטנציאל,אין זיהום ,סקר גז קרקע,אחר,לא,כן,כן,לא,לא,לא,
"ת""א",תל-אביב,"תע""ש רביבים",שיכון דן,2001,2005,יש זיהום ,,כבד,סקר גז קרקע,תעשיה,,,כן,,,,מיגון לאחר בדיקה
"ת""א",קרית אונו,קא 401 רחוב הרצל פינת המרי,קא 401 רחוב הרצל פינת המרי,2011,2011,נבדק ואין זיהום,נבדק ואין זיהום,אין זיהום ,סקר היסטורי,אחר,לא,לא,לא,לא,לא,לא,נבדק וניתן פטור ממיגון
"ת""א",רמת-גן,מגדל הגפן B רחוב התקווה 11 ,התקווה 11,2015,2016,יש זיהום ,יש זיהום,בינוני,סקר גז קרקע,אחר,לא,כן,כן,לא,לא,לא,נבדק וניתן פטור ממיגון
"ת""א",תל-אביב,סנטרל הייטס - ערבי נחל 13 - 9  ,ערבי נחל 13 - 9,2009,2011,יש זיהום ,לא נבדק ואין זיהום,בינוני,סקר גז קרקע,אחר,לא,לא,כן,לא,לא,לא,מיגון לאחר בדיקה
"ת""א",חולון,עטיפון,המלאכה 13,2009,2009,לא נבדק ויש פוטנציאל ,היה זיהום בעבר ששוקם,קל,סקר קרקע,תעשיה,,לא,,,,,מיגון על פי חובה בתשריט
"ת""א",תל-אביב,הגדוד העברי 35-37,הגדוד העברי 35-37,2014,2014,נבדק ואין זיהום,לא נבדק ואין זיהום,אין זיהום,סקר גז קרקע,אחר,לא,לא,לא,לא,לא,לא,נבדק וניתן פטור ממיגון
"ת""א",תל-אביב,הגליל 6,הגליל 6,2011,2011,נבדק ואין זיהום,לא נבדק ואין זיהום,אין זיהום,סקר גז קרקע,אחר,לא,לא,לא,לא,לא,לא,נבדק וניתן פטור ממיגון
"ת""א",תל-אביב,"הגר""א 14","הגר""א 14",2012,2012,נבדק ואין זיהום,לא נבדק ואין זיהום,אין זיהום,סקר גז קרקע,אחר,לא,לא,לא,לא,לא,לא,נבדק וניתן פטור ממיגון
"ת""א",תל-אביב,ההגנה 44,ההגנה 44,2012,2012,נבדק ואין זיהום,יש זיהום,קל,סקר גז קרקע,אחר,לא,כן,כן,לא,לא,לא,מיגון לאחר בדיקה
"ת""א",תל-אביב,החלוצים 29,החלוצים 29,2012,2013,נבדק ואין זיהום,לא נבדק ואין זיהום,אין זיהום ,סקר גז קרקע,אחר,לא,לא,לא,לא,לא,לא,נבדק וניתן פטור ממיגון
"ת""א",תל-אביב,החלוצים 36,החלוצים 36,2013,2013,נבדק ואין זיהום,היה זיהום בעבר ששוקם,קל,שיקום ,תעשיה,כן,לא,לא,לא,לא,לא,נבדק וניתן פטור ממיגון
"ת""א",תל-אביב,החרש 20,החרש 20,2009,2009,יש זיהום ,היה זיהום בעבר ששוקם,קל,שיקום ,תעשיה,לא,כן,כן,כן,לא,לא,מיגון לאחר בדיקה
"ת""א",בני-ברק,"חיד""א 26","חיד""א 26",2011,2012,יש זיהום ,יש זיהום,כבד,סקר גז קרקע,,לא,כן,כן,לא,לא,לא,טרם נבדק
"ת""א",הרצלייה,המדע 14,המדע 14,2012,2014,נבדק ואין זיהום,לא נבדק ויש פוטנציאל,אין זיהום,סקר גז קרקע,,לא,לא,לא,לא,לא,לא,נבדק וניתן פטור ממיגון
"ת""א",חולון,ג'יגה סנטר ח-582 ,המלאכה פינת המשביר,2007,2007,יש זיהום ,יש זיהום,בינוני ,שיקום ,תחנות דלק,לא,כן,כן,לא,לא,לא,מיגון לאחר בדיקה
"ת""א",תל-אביב,גני שפירא-דה מודינה 19 - 21 וטורי זהב 17,גני שפירא-דה מודינה 19 - 21 וטורי זהב 17,2012,2012,יש זיהום ,היה זיהום בעבר ששוקם,בינוני,שיקום ,תעשיה,לא,כן,כן,כן,לא,לא,מיגון לאחר בדיקה
"ת""א",תל-אביב,גני שרונה ,"קפלן , הארבעה ליאונרדו ד'ה וינצ'י ומנחם בגין",2012,2012,יש זיהום ,לא נבדק ואין זיהום,כבד,סקר גז קרקע,אחר,לא,לא,כן,לא,לא,לא,מיגון לאחר בדיקה
"ת""א",תל-אביב,דבורה הנביאה 41 א,דבורה הנביאה 41 א,2011,2012,יש זיהום ,לא נבדק ואין זיהום,קל,סקר גז קרקע,אחר,לא,לא,כן,לא,לא,לא,מיגון לאחר בדיקה
"ת""א",תל-אביב,מגדלי דובנוב פינת שאול המלך,דובנוב פינת שאול המלך,2008,2008,יש זיהום ,לא נבדק ואין זיהום,קל,סקר גז קרקע,אחר,לא,לא,כן,לא,לא,לא,נבדק וניתן פטור ממיגון
"ת""א",תל-אביב,"הרחבת בית ספר לבנות ""בית יעקב"" מסלנט א",מסלנט 42 א,2015,2015,יש זיהום,יש זיהום,בינוני,שיקום ,,לא,כן,לא,לא,לא,לא,אין צורך במיגון
"ת""א",תל-אביב,מבני גזית,דרך מנחם בגין 148,2008,2008,נבדק ואין זיהום,היה זיהום בעבר ששוקם,קל,סקר קרקע,תחנות דלק,לא,לא,לא,לא,לא,לא,מיגון לאחר בדיקה
"ת""א",תל-אביב,מגדל קרית הממשלה,דרך מנחם בגין 125,2008,2008,יש זיהום ,היה זיהום בעבר ששוקם,בינוני,סקר קרקע,צהל,לא,לא,לא,לא,לא,לא,מיגון לאחר בדיקה
"ת""א",תל-אביב,מוסך דן,ארלוזורוב 17,2008,2013,יש זיהום ,היה זיהום בעבר ששוקם,קל,סקר קרקע,מוסך,לא,לא,כן,לא,לא,לא,מיגון לאחר בדיקה
"ת""א",בני-ברק,האחים חדד,כהנמן 100,2001,2012,נבדק ואין זיהום,לא נבדק ואין זיהום,אין זיהום ,לא צריך טיפול,תחנות דלק,לא,לא,לא,לא,לא,לא,
"ת""א",חולון,גבוביץ ומפן - הפלד 5 ,הפלד  5,2003,2008,יש זיהום ,יש זיהום,כבד,סקר קרקע,תעשיה,לא,כן,לא,לא,לא,לא,מיגון לאחר בדיקה
"ת""א",חולון,גרר כליף - הנפח 9,הנפח 9,2008,2010,יש זיהום ,יש זיהום,בינוני ,סקר קרקע,מוסך,לא,לא,כן,לא,לא,לא,מיגון לאחר בדיקה
"ת""א",חולון,מוסך ד. רם - האופן 12 ,האופן 12,2010,2014,יש זיהום ,היה זיהום בעבר ששוקם,בינוני ,שיקום ,מוסך,,כן,,,,,מיגון לאחר בדיקה
"ת""א",תל-אביב,ראול ולנברג 16,ראול ולנברג 16,2008,2011,נבדק ואין זיהום,היה זיהום בעבר ששוקם,בינוני,שיקום ,תעשיה,כן,כן,לא,כן,לא,לא,נבדק וניתן פטור ממיגון
"ת""א",תל-אביב,ראול ולנברג 6,ראול ולנברג 6,2001,2001,לא נבדק ויש פוטנציאל ,היה זיהום בעבר ששוקם,קל,שיקום ,תעשיה,כן,כן,כן,כן,לא,לא,טרם נבדק
"ת""א",תל-אביב,ראש פינה 12 פינת יסוד המעלה,ראש פינה 12 פינת יסוד המעלה,2011,2012,יש זיהום ,נבדק ואין זיהום,קל,סקר קרקע,אחר,לא,לא,כן,לא,לא,לא,מיגון לאחר בדיקה
"ת""א",תל-אביב,ראשון לציון 9,ראשון לציון 9 ,2014,2015,יש זיהום ,לא נבדק ואין זיהום,קל,סקר גז קרקע,אחר,לא,לא,כן,לא,לא,לא,מיגון לאחר בדיקה
"ת""א",תל-אביב,רבי חנינא 8,רבי חנינא 8,2010,2010,נבדק ואין זיהום,לא נבדק ואין זיהום,אין זיהום ,סקר גז קרקע,אחר,לא,לא,לא,לא,לא,לא,נבדק וניתן פטור ממיגון
"ת""א",תל-אביב,רבי חנינא 9,רבי חנינה 9 ,2012,2012,לא נבדק ואין זיהום,לא נבדק ואין זיהום,אין זיהום ,פוטנציאל זיהום,אחר,לא,לא,לא,לא,לא,לא,אין צורך במיגון
"ת""א",תל-אביב,רביעית פלורנטין,סלמה 43 דרך שלמה43,2011,2011,יש זיהום ,היה זיהום בעבר ששוקם,כבד,שיקום ,מוסך,כן,כן,כן,כן,לא,לא,מיגון לאחר בדיקה
"ת""א",תל-אביב,רוחמה 18,רוחמה 18,2012,2013,יש זיהום ,היה זיהום בעבר ששוקם,קל,שיקום ,מוסך,כן,כן,כן,כן,לא,לא,מיגון לאחר בדיקה
"ת""א ",גבעתיים,המכתש - גב 390 א - שטח יורוקום,המכתש,2012,2013,נבדק ואין זיהום,יש זיהום,קל,סקר גז קרקע,אחר,לא,כן,כן,לא,לא,לא,נבדק וניתן פטור ממיגון
"ת""א",כפר שמריהו,הלרמן שמנים,תעשייה-הרקפות 22(לפי 22א),2003,2003,נבדק ואין זיהום,היה זיהום בעבר ששוקם,כבד,סקר גז קרקע,תעשיה,לא,כן,כן,כן,לא,לא,טרם נבדק
"ת""א",רמת-גן,המשולש הגדול ,שכונת האלוף מאיר עמית,2011,2013,נבדק ואין זיהום,לא נבדק ויש פוטנציאל,אין זיהום ,סקר גז קרקע,תעשיה,לא,לא,כן,לא,לא,לא,נבדק וניתן פטור ממיגון
"ת""א",רמת-השרון,נחל הבשור,,2011,2014,יש זיהום ,לא נבדק ויש פוטנציאל,כבד,סקר גז קרקע,תעשיה,,,כן,,,,מיגון לאחר בדיקה
"ת""א",רמת-השרון,נעומי פינת אווירבוך,,2011,2013,נבדק ואין זיהום,נבדק ואין זיהום,אין זיהום ,סקר גז קרקע,תעשיה,,,כן,,,,נבדק וניתן פטור ממיגון
"ת""א",רמת-השרון,סמטת גד פינת יהודה,,2011,2013,נבדק ואין זיהום,נבדק ואין זיהום,אין זיהום ,סקר גז קרקע,תעשיה,,,כן,,,,נבדק וניתן פטור ממיגון
"ת""א",רמת-השרון,פארק רמת השרון -  (רח' נצח),,2011,2013,נבדק ואין זיהום,נבדק ואין זיהום,אין זיהום ,סקר גז קרקע,תעשיה,,,כן,,,,נבדק וניתן פטור ממיגון
"ת""א",רמת-השרון,רח' דבורה הנביאה 9,,2011,2014,נבדק ואין זיהום,נבדק ואין זיהום,אין זיהום ,סקר גז קרקע,תעשיה,,,כן,,,,נבדק וניתן פטור ממיגון
"ת""א",רמת-השרון,רח' הגליל 1,,2011,2014,נבדק ואין זיהום,נבדק ואין זיהום,אין זיהום ,סקר גז קרקע,תעשיה,,,כן,,,,נבדק וניתן פטור ממיגון
"ת""א",רמת-השרון,רח' הגפן 174 (גן יונה),,2011,2014,נבדק ואין זיהום,נבדק ואין זיהום,אין זיהום ,סקר גז קרקע,תעשיה,,,כן,,,,נבדק וניתן פטור ממיגון
"ת""א",רמת-השרון,רח' מגידו,,2011,2014,נבדק ואין זיהום,נבדק ואין זיהום,אין זיהום ,סקר גז קרקע,תעשיה,,,כן,,,,נבדק וניתן פטור ממיגון
"ת""א",רמת-השרון,רח' עבודה 15 (מול פארק אשכול פיס),,2011,2014,נבדק ואין זיהום,נבדק ואין זיהום,אין זיהום ,סקר גז קרקע,תעשיה,,,כן,,,,נבדק וניתן פטור ממיגון
"ת""א",רמת-השרון,רחוב הנצח 1 מול גינה ציבורית,,2011,2014,יש זיהום ,לא נבדק ויש פוטנציאל,כבד,סקר גז קרקע,תעשיה,,,כן,,,,מיגון לאחר בדיקה
"ת""א",רמת-השרון,ריינס 6/28 (חורשה),,2011,2014,נבדק ואין זיהום,נבדק ואין זיהום,אין זיהום ,סקר גז קרקע,תעשיה,,,כן,,,,נבדק וניתן פטור ממיגון
"ת""א",רמת-השרון,רימוני תדהר ,החלוץ 44,2014,2014,יש זיהום ,לא נבדק ויש פוטנציאל,בינוני,סקר גז קרקע,תעשיה,,,כן,,,,מיגון לאחר בדיקה
"ת""א",גבעתיים,שדה בוקר 6 ,שדה בוקר 6,2013,2013,יש זיהום ,לא נבדק ואין זיהום,כבד,סקר גז קרקע,תעשיה,,,כן,,,,מיגון לאחר בדיקה
"ת""א",גבעתיים,שינקין 48 - מגדלי רותם שני,שינקין 48,2007,2007,נבדק ואין זיהום,לא נבדק ואין זיהום,אין זיהום,סקר גז קרקע,תעשיה,,,כן,,,,נבדק וניתן פטור ממיגון
"ת""א",בת ים,בי 410,,2011,2015,נבדק ואין זיהום,לא נבדק ואין זיהום,אין זיהום,סקר גז קרקע,תעשיה,לא,לא,לא,לא,לא,לא,נבדק וניתן פטור ממיגון
"ת""א",בת ים,בי 434 - הקוממיות 14 - העמל,הקוממיות 14,2013,2014,יש זיהום ,לא נבדק ויש פוטנציאל,כבד,סקר היסטורי,מוסך,לא,כן,כן,לא,לא,לא,מיגון על פי חובה בתשריט
"ת""א",בת ים,בי 514 פינוי בינוי שער העיר הצפוני - רחובות הגבול בלפור,,2013,2014,לא נבדק ואין זיהום,לא נבדק ואין זיהום,אין זיהום,סקר היסטורי,,לא,לא,לא,לא,לא,לא,נבדק וניתן פטור ממיגון
"ת""א",חולון,הגביש 3,הגביש 3,2008,2008,יש זיהום ,יש זיהום,בינוני ,סקר קרקע,אחר,לא,כן,לא,לא,לא,לא,מיגון לאחר בדיקה
"ת""א",חולון,היכל ספורט חולון - פארק פרס ,"גוש 7302 , חלקה 10 , מגרש 2080",2012,2012,נבדק ואין זיהום,לא נבדק ואין זיהום,אין זיהום ,סקר גז קרקע,אחר,,,,,,,נבדק וניתן פטור ממיגון
"ת""א",חולון,"הכישור 2 - טרהטק סוכנויות בע""מ",הכישור 2,2010,2013,לא נבדק ויש פוטנציאל ,יש זיהום,בינוני ,סקר קרקע,מוסך,כן,כן,,,,,טרם נבדק
"ת""א",חולון,מוסך מציל רכב,הבנאי 27 ב',2011,2011,לא נבדק ויש פוטנציאל ,נבדק ואין זיהום,אין זיהום ,סקר קרקע,מוסך,לא,לא,לא,לא,לא,לא,נבדק וניתן פטור ממיגון
"ת""א",חולון,מצבעת חוטים מפעל,הפלד 14,2012,2016,יש זיהום ,יש זיהום,כבד,שיקום ,תעשיה,לא,כן,כן,לא,לא,לא,מיגון לאחר בדיקה
"ת""א",חולון,החופר 34,החופר 34,2009,2009,לא נבדק ויש פוטנציאל ,לא נבדק ואין זיהום,אין זיהום ,פוטנציאל זיהום,אחר,,,,,,,נבדק וניתן פטור ממיגון
"ת""א",תל-אביב,הרצל 114,הרצל 114,2013,2013,נבדק ואין זיהום,לא נבדק ואין זיהום,אין זיהום,סקר גז קרקע,אחר,לא,לא,לא,לא,לא,לא,נבדק וניתן פטור ממיגון
"ת""א",תל-אביב,הרצל 121,הרצל 121,2010,2011,יש זיהום ,נבדק ואין זיהום,בינוני,סקר קרקע,אחר,לא,לא,כן,לא,לא,לא,מיגון לאחר בדיקה
"ת""א",תל-אביב,השוק 21,השוק 21,2012,2012,יש זיהום ,לא נבדק ואין זיהום,קל,סקר גז קרקע,אחר,לא,לא,כן,לא,לא,לא,מיגון לאחר בדיקה
"ת""א",תל-אביב,וושינגטון 27,וושינגטון 27,2014,2014,נבדק ואין זיהום,לא נבדק ואין זיהום,אין זיהום,סקר גז קרקע,אחר,לא,לא,לא,לא,לא,לא,נבדק וניתן פטור ממיגון
"ת""א",תל-אביב,ויטל 20,ויטל 20,2010,2011,יש זיהום ,היה זיהום בעבר ששוקם,כבד,שיקום ,מוסך,כן,כן,כן,כן,לא,לא,מיגון לאחר בדיקה
"ת""א",תל-אביב,זימן 26,זימן 26,2004,2004,יש זיהום ,לא נבדק ויש פוטנציאל,בינוני,סקר גז קרקע,אחר,לא,לא,כן,לא,לא,לא,מיגון לאחר בדיקה
"ת""א",תל-אביב,שפיר תוצרת הארץ  6-8+השלום 5 ותוצרת הארץ 20 על 6,תוצרת הארץ 6 תל אביב,2012,2013,לא נבדק ויש פוטנציאל ,היה זיהום בעבר ששוקם,קל,שיקום ,תעשיה,לא,כן,לא,כן,לא,לא,מיגון על פי חובה בתשריט
"ת""א",תל-אביב,ידידיה פרנקל 32,ידידיה פרנקל 32,2011,2011,יש זיהום ,לא נבדק ויש פוטנציאל,קל,סקר גז קרקע,אחר,לא,לא,לא,לא,לא,לא,מיגון על פי חובה בתשריט
"ת""א",תל-אביב,מטלון 46,מטלון 46,2012,2012,לא נבדק ואין זיהום,לא נבדק ואין זיהום,כבד,סקר היסטורי,אחר,לא,לא,לא,לא,לא,לא,אין צורך במיגון
"ת""א",תל-אביב,מלון ירושלים,ניצנה 9,2008,2010,נבדק ואין זיהום,היה זיהום בעבר ששוקם,קל,סקר קרקע,תעשיה,כן,כן,לא,כן,לא,לא,נבדק וניתן פטור ממיגון
"ת""א",תל-אביב,מלון שרונה ,דוד אלעזר פינת קלמן מגן,2013,2015,יש זיהום ,נבדק ואין זיהום,כבד,סקר קרקע,אחר,לא,לא,כן,לא,לא,לא,מיגון לאחר בדיקה
"ת""א",תל-אביב,מסילת העולים 8,מסילת העולים 9,2014,2014,יש זיהום ,לא נבדק ואין זיהום,כבד,סקר גז קרקע,אחר,לא,לא,כן,לא,לא,לא,מיגון לאחר בדיקה
"ת""א",תל-אביב,מצבעת גרינפלד,בר-יוחאי 3-7,1996,2007,לא נבדק ויש פוטנציאל ,היה זיהום בעבר ששוקם,קל,סקר קרקע,תעשיה,לא,כן,לא,כן,לא,לא,טרם נבדק
"ת""א",תל-אביב,מקווה ישראל 23,מקווה ישראל 23,2013,2014,יש זיהום ,לא נבדק ויש פוטנציאל,כבד,סקר קרקע,תעשיה,לא,לא,כן,לא,לא,לא,מיגון לאחר בדיקה
"ת""א",תל-אביב,מרזוק ועזר 9 - 7 גוש 7017 חלקה 12,מרזוק ועזר 9 - 7 ,2014,2014,יש זיהום ,לא נבדק ואין זיהום,בינוני,סקר גז קרקע,אחר,לא,לא,כן,לא,לא,לא,מיגון לאחר בדיקה
"ת""א",תל-אביב,מרחביה 17,מרחביה 17,2012,2012,יש זיהום ,לא נבדק ואין זיהום,כבד,סקר גז קרקע,אחר,לא,לא,כן,לא,לא,לא,מיגון לאחר בדיקה
"ת""א",תל-אביב,משמר הירדן 89,משמר הירדן 89,2012,2014,נבדק ואין זיהום,לא נבדק ואין זיהום,אין זיהום,סקר גז קרקע,אחר,לא,לא,לא,לא,לא,לא,נבדק וניתן פטור ממיגון
"ת""א",חולון,המנור 3,המנור 3,2008,2008,נבדק ואין זיהום,לא נבדק ויש פוטנציאל,אין זיהום ,סקר גז קרקע,אחר,לא,לא,כן,לא,לא,לא,טרם נבדק
"ת""א",אזור,השדרה הירוקה  מאא248,ציר זבוטינסקי פינת שפירא,2013,2013,יש זיהום ,לא נבדק ואין זיהום,קל,סקר גז קרקע,אחר,לא,לא,כן,לא,לא,לא,מיגון לאחר בדיקה
"ת""א",אזור,ויצמן חלפים,דרך השבעה 6,2000,2001,נבדק ואין זיהום,יש זיהום,כבד,שיקום ,מוסך,כן,כן,לא,כן,לא,לא,נבדק וניתן פטור ממיגון
"ת""א",אזור,כהן דוד סחר חלפים,דרך השבעה ,2000,2001,נבדק ואין זיהום,יש זיהום,כבד,שיקום ,מוסך,לא,כן,לא,כן,לא,לא,טרם נבדק
"ת""א",אזור,כלף חלפים,דרך השבעה 14,2000,2001,נבדק ואין זיהום,יש זיהום,כבד,שיקום ,מוסך,לא,כן,לא,לא,לא,לא,טרם נבדק
"ת""א",חולון ,מפעל חמים וטעים- א.ת ,הסתת 7-9 א.ת,2015,2016,יש זיהום,יש זיהום,בינוני,סקר גז קרקע,,לא,לא,כן,לא,לא,לא,מיגון לאחר בדיקה
"ת""א",חולון ,מפעל חמים וטעים- א.ת ,הסתת 7-9 א.ת,2015,2016,יש זיהום,יש זיהום,בינוני,סקר גז קרקע,,לא,לא,כן,לא,לא,לא,מיגון לאחר בדיקה
"ת""א",תל-אביב,טורי זהב 21-23,טורי זהב 21-23,2010,2010,נבדק ואין זיהום,נבדק ואין זיהום,אין זיהום,סקר קרקע,אחר,לא,לא,לא,לא,לא,לא,מיגון על פי חובה בתשריט
"ת""א",תל-אביב,י.ל. פרץ 35,י.ל. פרץ 35,2013,2013,נבדק ואין זיהום,לא נבדק ואין זיהום,אין זיהום,סקר גז קרקע,אחר,לא,לא,לא,לא,לא,לא,מיגון על פי חובה בתשריט
"ת""א",תל-אביב,יגאל אלון 62,יגאל אלון 62,2010,2010,נבדק ואין זיהום,לא נבדק ואין זיהום,אין זיהום,סקר גז קרקע,אחר,לא,לא,לא,לא,לא,לא,מיגון על פי חובה בתשריט
"ת""א",תל-אביב,יד המעביר 8,יד המעביר 8,2010,2010,נבדק ואין זיהום,לא נבדק ואין זיהום,אין זיהום,סקר גז קרקע,אחר,לא,לא,לא,לא,לא,לא,מיגון על פי חובה בתשריט
"ת""א",תל-אביב,ידידיה פרנקל 17,ידידיה פרנקל 17,2013,2014,נבדק ואין זיהום,נבדק ואין זיהום,אין זיהום,סקר גז קרקע,אחר,לא,לא,לא,לא,לא,לא,מיגון על פי חובה בתשריט
"ת""א",תל-אביב,יהודה מרגוזה 15,יהודה מרגוזה 15,2012,2013,נבדק ואין זיהום,לא נבדק ואין זיהום,אין זיהום,סקר גז קרקע,אחר,לא,לא,לא,לא,לא,לא,מיגון על פי חובה בתשריט
"ת""א",תל-אביב,יהושע ברטונוב 7,,2012,2013,יש זיהום ,לא נבדק ואין זיהום,קל,סקר גז קרקע,אחר,לא,לא,כן,לא,לא,לא,מיגון לאחר בדיקה
"ת""א",תל-אביב,יוקנעם 4,יוקנעם 4,2011,2012,לא נבדק ויש פוטנציאל ,יש זיהום,קל,סקר קרקע,אחר,לא,לא,לא,לא,לא,לא,מיגון על פי חובה בתשריט
"ת""א",תל-אביב,יורם 30 גוש 6135 חלקה 56  ,יורם 30 גוש 6135 חלקה 56  ,2013,2013,לא נבדק ויש פוטנציאל ,היה זיהום בעבר ששוקם,קל,שיקום ,אחר,לא,לא,לא,לא,לא,לא,מיגון על פי חובה בתשריט
"ת""א",תל-אביב,ת.ד. סונול מרכזים,קיבוץ גלויות 26,2011,2014,היה זיהום בעבר ששוקם,היה זיהום בעבר ששוקם,כבד,סקר קרקע,תחנות דלק,כן,כן,כן,כן,לא,לא,טרם נבדק
"ת""א",תל-אביב,ת.ד. פז התקווה,דרך ההגנה 42,2007,2011,יש זיהום ,לא נבדק ויש פוטנציאל,בינוני,סקר גז קרקע,תחנות דלק,לא,לא,כן,לא,לא,לא,טרם נבדק
"ת""א",תל-אביב,ת.ד. פז יריד קטנה,ישראל רוקח 103,2011,2014,יש זיהום ,היה זיהום בעבר ששוקם,כבד,שיקום ,תחנות דלק,לא,כן,כן,לא,לא,לא,טרם נבדק
"ת""א ",רמת-השרון,מתחם אלכסנדרוני - רש 214,אלכסנדרוני ,2012,2014,יש זיהום ,לא נבדק ואין זיהום,כבד,סקר גז קרקע,תעשיה,לא,לא,כן,לא,לא,לא,מיגון לאחר בדיקה
"ת""א",תל-אביב,מתחם ככר העליה- השוק הסיטונאי ,,2015,2016,יש זיהום,יש זיהום,כבד,סקר גז קרקע,,לא,כן,כן,,לא,לא,מיגון לאחר בדיקה
"ת""א",תל-אביב,מתחם ככר העליה- השוק הסיטונאי ,,2015,2016,יש זיהום,יש זיהום,כבד,סקר גז קרקע,,לא,כן,כן,,לא,לא,מיגון לאחר בדיקה
"ת""א",חולון,"המנור 18 - רג""א",המנור 18,2008,2010,יש זיהום ,יש זיהום,קל,סקר קרקע,מוסך,,כן,,,,,מיגון לאחר בדיקה
"ת""א",תל-אביב,שיכון עובדים,דובנוב פינת שאול המלך,2008,2008,יש זיהום ,לא נבדק ואין זיהום,קל,סקר גז קרקע,אחר,לא,לא,כן,לא,לא,לא,נבדק וניתן פטור ממיגון
"ת""א",תל-אביב,מתחם דרומי שוק הסיטונאי,קרליבך חשמונאים מנחם בגין,2013,2013,יש זיהום ,לא נבדק ואין זיהום,קל,סקר גז קרקע,אחר,לא,לא,כן,לא,לא,לא,מיגון לאחר בדיקה
"ת""א",תל-אביב,מתחם וסרמן פוריה," פוריה 15,17 וסרמן 5,7",2011,2014,יש זיהום ,לא נבדק ויש פוטנציאל,קל,סקר גז קרקע,תעשייה,לא,לא,כן,לא,לא,לא,מיגון לאחר בדיקה
"ת""א",תל-אביב,מתחם יהודה ימית ,יהודה ימית 20,2012,2016,נבדק ואין זיהום,היה זיהום בעבר ששוקם,קל,סקר קרקע,אחר,כן,לא,לא,לא,לא,לא,אין צורך במיגון
"ת""א",תל-אביב,נועם 5 יפו,נועם 5 יפו,2011,2012,יש זיהום ,לא נבדק ואין זיהום,קל,סקר גז קרקע,אחר,לא,לא,כן,לא,לא,לא,מיגון לאחר בדיקה
"ת""א",תל-אביב,נחלאות 5,נחלאות 5 ,2012,2012,נבדק ואין זיהום,לא נבדק ואין זיהום,אין זיהום,סקר גז קרקע,אחר,לא,לא,לא,לא,לא,לא,נבדק וניתן פטור ממיגון
"ת""א",תל-אביב,נחלת בנימין 108,נחלת בנימין 108,2010,2010,נבדק ואין זיהום,נבדק ואין זיהום,אין זיהום,סקר קרקע,אחר,לא,לא,לא,לא,לא,לא,נבדק וניתן פטור ממיגון
"ת""א",תל-אביב,נחלת בנימין 124,נחלת בנימין 124,2011,2011,נבדק ואין זיהום,לא נבדק ואין זיהום,אין זיהום,סקר גז קרקע,אחר,לא,לא,לא,לא,לא,לא,נבדק וניתן פטור ממיגון
"ת""א",תל-אביב,"נת""ע-גן הצומת וגן ציבורי וולובלסקי",פרשת דרכים 6,2014,2016,נבדק ואין זיהום,היה זיהום בעבר ששוקם,קל,שיקום ,תחנות דלק,לא,כן,לא,לא,לא,לא,מיגון לאחר בדיקה
"ת""א",תל-אביב,עין הזיתים,עין הזיתים,2008,2008,יש זיהום ,היה זיהום בעבר ששוקם,בינוני,סקר קרקע,אחר,לא,כן,כן,לא,לא,לא,מיגון לאחר בדיקה
"ת""א",תל-אביב,עמיגור,"דרך השלום פינת ברונפלד שמעון 16-18, דרך השלום 98-100",2014,2015,נבדק ואין זיהום,לא נבדק ואין זיהום,אין זיהום ,סקר גז קרקע,אחר,לא,לא,לא,לא,לא,לא,נבדק וניתן פטור ממיגון
"ת""א",תל-אביב,פנורמה,דרך בן צבי 96,2004,2004,לא נבדק ויש פוטנציאל,היה זיהום בעבר ששוקם,בינוני,שיקום ,תעשיה,לא,כן,לא,לא,לא,לא,טרם נבדק
"ת""א",תל-אביב,קהילת קישנוב,קהילת קישנוב 3,2011,2011,נבדק ואין זיהום,לא נבדק ואין זיהום,אין זיהום,סקר גז קרקע,אחר,לא,לא,לא,לא,לא,לא,נבדק וניתן פטור ממיגון
"ת""א",תל-אביב,קיבוץ גלויות 18,קיבוץ גלויות 18,2013,2014,יש זיהום ,לא נבדק ואין זיהום,כבד,סקר גז קרקע,תעשיה,לא,לא,כן,לא,לא,לא,מיגון לאחר בדיקה
"ת""א",תל-אביב,קל אוטו,גולומב 34,2007,2008,יש זיהום ,נבדק ואין זיהום,קל,סקר קרקע,אחר,לא,לא,כן,לא,לא,לא,טרם נבדק
"ת""א",תל-אביב,ראול ולנברג,ראול ולנברג 16,2008,2011,נבדק ואין זיהום,היה זיהום בעבר ששוקם,בינוני,שיקום ,תעשיה,כן,כן,לא,כן,לא,לא,נבדק וניתן פטור ממיגון
"ת""א",תל-אביב,שדרות ירושלים 31,שדרות ירושלים 31,2013,2013,יש זיהום ,לא נבדק ואין זיהום,כבד,סקר גז קרקע,אחר,לא,לא,כן,לא,לא,לא,מיגון לאחר בדיקה
"ת""א",תל-אביב,שלמה 6,שלמה 6,2012,2014,יש זיהום ,היה זיהום בעבר ששוקם,בינוני,שיקום ,מוסך,כן,כן,כן,כן,לא,לא,מיגון לאחר בדיקה
"ת""א",תל-אביב,שפע טל 13 מבנה הברינקס,שפע טל 13 מבנה הברינקס,2011,2011,יש זיהום ,נבדק ואין זיהום,כבד,סקר קרקע,אחר,לא,לא,כן,לא,לא,לא,מיגון לאחר בדיקה
"ת""א",תל-אביב,ת.ד. דור אלון לוינסקי - ,לוינסקי 84,2008,2014,יש זיהום ,היה זיהום בעבר ששוקם,כבד,סקר קרקע,תחנות דלק,לא,כן,כן,כן,לא,לא,מיגון לאחר בדיקה
"ת""א",תל-אביב,ת.ד. סונול יפת (טלאל) פרטי \ סונול ,יפת 146,2011,2013,יש זיהום ,יש זיהום,כבד,שיקום ,תחנות דלק,לא,כן,כן,כן,לא,לא,טרם נבדק
"ת""א",תל-אביב,עקיבא אייגר ,עקיבא אייגר 20-22,2010,2010,יש זיהום ,היה זיהום בעבר ששוקם,קל,סקר קרקע,אחר,לא,כן,כן,כן,לא,לא,מיגון לאחר בדיקה
"ת""א",תל-אביב,"אוניברסיטת ת""א - בניין הכימיה",חיים לבנון,2010,2012,יש זיהום ,נבדק ואין זיהום,קל,סקר קרקע,אחר,לא,לא,לא,לא,לא,לא,מיגון על פי חובה בתשריט
"ת""א",תל-אביב,איילת השחר 5,איילת השחר 5,2010,2012,יש זיהום ,לא נבדק ואין זיהום,קל,סקר גז קרקע,אחר,לא,לא,כן,לא,לא,לא,מיגון לאחר בדיקה
"ת""א",תל-אביב,איילת השחר 6,איילת השחר 6,2010,2010,נבדק ואין זיהום,לא נבדק ואין זיהום,אין זיהום,סקר גז קרקע,אחר,לא,לא,לא,לא,לא,לא,אין צורך במיגון
"ת""א",תל-אביב,מתחם נוף אביה קיבוץ גלויות,אסירי ציון 1,2002,2002,נבדק ואין זיהום,לא נבדק ואין זיהום,אין זיהום,סקר גז קרקע,,,לא,לא,לא,לא,לא,אין צורך במיגון
"ת""א",בת ים,בי 4- 450 פרויקט מגדלי הים,,2015,2016,נבדק ואין זיהום,נבדק ואין זיהום,אין זיהום,סקר גז קרקע,,לא,לא,לא,לא,לא,לא,נבדק וניתן פטור ממיגון
"ת""א",תל-אביב,הרבי מבכרך 40,הרבי מבכרך 40,2010,2011,יש זיהום ,לא נבדק ואין זיהום,בינוני,סקר גז קרקע,אחר,לא,לא,כן,לא,לא,לא,מיגון לאחר בדיקה
"ת""א",תל-אביב,הרכבת 16 - מרחב ירקון - משטרת ישראל לשעבר,הרכבת 16,2013,2013,יש זיהום ,לא נבדק ואין זיהום,בינוני,סקר גז קרקע,אחר,לא,לא,כן,לא,לא,לא,מיגון לאחר בדיקה
"ת""א",תל-אביב,הרכבת 58-68,הרכבת 58-68 (לפי 66),2008,2012,נבדק ואין זיהום,נבדק ואין זיהום,אין זיהום ,סקר גז קרקע,אחר,לא,לא,לא,לא,לא,לא,נבדק וניתן פטור ממיגון
"ת""א",תל-אביב,הרצל 110,הרצל 110,2013,2013,נבדק ואין זיהום,נבדק ואין זיהום,אין זיהום,סקר קרקע,אחר,לא,לא,לא,לא,לא,לא,נבדק וניתן פטור ממיגון
"ת""א",תל-אביב,הרצל 111,הרצל 112,2010,2011,יש זיהום ,לא נבדק ואין זיהום,כבד,סקר גז קרקע,אחר,לא,לא,כן,לא,לא,לא,מיגון לאחר בדיקה
"ת""א",תל-אביב,הרצל 47,הרצל 47,2010,2011,יש זיהום ,היה זיהום בעבר ששוקם,בינוני,שיקום ,תעשיה,כן,לא,כן,לא,לא,לא,מיגון לאחר בדיקה
"ת""א",בני-ברק,פרויקט פנאיר -הלחי 37 - 39 אמניר מגרש 21,הלחי 37-39,2010,2016,נבדק ואין זיהום,נבדק ואין זיהום,אין זיהום,סקר גז קרקע,,לא,לא,לא,לא,לא,לא,נבדק וניתן פטור ממיגון
"ת""א",תל-אביב,נחלת בינימין 159,נחלת בנימין 159,2012,2012,יש זיהום ,היה זיהום בעבר ששוקם,בינוני,סקר קרקע,אחר,כן,לא,כן,לא,לא,לא,מיגון לאחר בדיקה
"ת""א",תל-אביב,נחלת בנימין 137,נחלת בנימין 137,2009,2011,נבדק ואין זיהום,נבדק ואין זיהום,אין זיהום,סקר קרקע,אחר,לא,לא,לא,לא,לא,לא,נבדק וניתן פטור ממיגון
"ת""א",תל-אביב,נחלת בנימין 139,נחלת בנימין 139,2011,2011,נבדק ואין זיהום,לא נבדק ואין זיהום,אין זיהום,סקר גז קרקע,אחר,לא,לא,לא,לא,לא,לא,נבדק וניתן פטור ממיגון
"ת""א",תל-אביב,נחלת בנימין 147,נחלת בנימין 147,2012,2012,נבדק ואין זיהום,לא נבדק ואין זיהום,אין זיהום,סקר גז קרקע,אחר,לא,לא,לא,לא,לא,לא,נבדק וניתן פטור ממיגון
"ת""א",תל-אביב,סומייל דרום,ארלוזורוב 87,2014,2014,לא נבדק ואין זיהום,לא נבדק ואין זיהום,אין זיהום,סקר היסטורי,אחר,לא,לא,לא,לא,לא,לא,אין צורך במיגון
"ת""א",תל-אביב,סטוצ'ינר/הדוגמא,עליית הנוער 50 ,1999,1999,לא נבדק ויש פוטנציאל ,היה זיהום בעבר ששוקם,כבד,סקר קרקע,תעשיה,כן,לא,לא,לא,לא,לא,מיגון על פי חובה בתשריט
"ת""א",תל-אביב,סלמה 65,סלמה 65,2013,2013,יש זיהום ,לא נבדק ואין זיהום,קל,סקר גז קרקע,אחר,לא,לא,כן,לא,לא,לא,מיגון לאחר בדיקה
"ת""א",תל-אביב,סנטרל פארק,שדרות ההשכלה 17,2007,2010,יש זיהום ,לא נבדק ואין זיהום,בינוני,סקר גז קרקע,אחר,לא,לא,כן,לא,לא,לא,מיגון לאחר בדיקה
"ת""א",תל-אביב,עולי ציון 18 יפו,עולי ציון 18,2011,2011,נבדק ואין זיהום,לא נבדק ואין זיהום,אין זיהום,סקר גז קרקע,אחר,לא,לא,לא,לא,לא,לא,נבדק וניתן פטור ממיגון
"ת""א",תל-אביב,עין הקורא 1,עין הקורא 1,2010,2010,נבדק ואין זיהום,לא נבדק ואין זיהום,אין זיהום ,סקר גז קרקע,אחר,לא,לא,לא,לא,לא,לא,נבדק וניתן פטור ממיגון
"ת""א",תל-אביב,עמיעד 10,עמיעד 10,2012,2013,יש זיהום ,לא נבדק ויש פוטנציאל,קל,סקר גז קרקע,אחר,לא,לא,כן,לא,לא,לא,מיגון לאחר בדיקה
"ת""א",תל-אביב,עקיבא אייגר 12,עקיבא אייגר 12,2010,2010,נבדק ואין זיהום,לא נבדק ואין זיהום,אין זיהום,סקר גז קרקע,אחר,לא,לא,לא,לא,לא,לא,נבדק וניתן פטור ממיגון
"ת""א",תל-אביב,עקיבא אייגר 20-22,עקיבא אייגר 20-22,2010,2010,יש זיהום ,היה זיהום בעבר ששוקם,קל,סקר קרקע,אחר,לא,כן,כן,כן,לא,לא,מיגון לאחר בדיקה
"ת""א ",גבעתיים,מגדלי גבע - ויצמן 65 / ריינס 1 - תבע גב / 508 - אולפני גבע,ויצמן 65 / ריינס 1 ,2009,2013,יש זיהום ,נבדק ואין זיהום,כבד,סקר גז קרקע,אחר,לא,כן,כן,לא,לא,לא,נבדק וניתן פטור ממיגון
"ת""א",תל-אביב,דלה ריינה יוסף 19,דילה ריינה יוסף 19,2011,2011,יש זיהום ,לא נבדק ואין זיהום,כבד,סקר גז קרקע,אחר,לא,לא,כן,לא,לא,לא,מיגון לאחר בדיקה
"ת""א",תל-אביב,דלה ריינה יוסף 20 גוש 6637 חלקה 391,דילה ריינה יוסף 20,2014,2014,נבדק ואין זיהום,לא נבדק ואין זיהום,אין זיהום,סקר גז קרקע,אחר,לא,לא,לא,לא,לא,לא,נבדק וניתן פטור ממיגון
"ת""א",תל-אביב,דרייפוס 1,דרייפוס 1,2012,2013,נבדק ואין זיהום,לא נבדק ואין זיהום,אין זיהום,סקר גז קרקע,אחר,לא,לא,לא,לא,לא,לא,נבדק וניתן פטור ממיגון
"ת""א",תל-אביב,דרך חיל השיריון 94 אסולין מתכות,דרך חיל השיריון 94 אסולין מתכות,2012,2013,יש זיהום ,היה זיהום בעבר ששוקם,כבד,שיקום ,תעשיה,לא,כן,כן,לא,לא,לא,מיגון לאחר בדיקה
"ת""א",תל-אביב,דרך יפו 13 ,דרך יפו 13 ,2011,2011,יש זיהום ,לא נבדק ואין זיהום,כבד,סקר גז קרקע,אחר,לא,לא,כן,לא,לא,לא,מיגון לאחר בדיקה
"ת""א",תל-אביב,דרך מנחם בגין 4,דרך מנחם בגין 4,2012,2013,נבדק ואין זיהום,נבדק ואין זיהום,אין זיהום ,סקר קרקע,תעשיה,לא,לא,לא,לא,לא,לא,נבדק וניתן פטור ממיגון
"ת""א",תל-אביב,רחוב דרור 2,דרור 2 יפו,2012,2012,יש זיהום ,לא נבדק ויש פוטנציאל,בינוני,סקר גז קרקע,אחר,לא,לא,כן,לא,לא,לא,מיגון לאחר בדיקה
"ת""א",תל-אביב,גוש 6490 חלקה 454- שער הקרייה,,2014,2014,יש זיהום ,לא נבדק ואין זיהום,קל,סקר גז קרקע,אחר,,,כן,,,,מיגון לאחר בדיקה
"ת""א",רמת-גן,"תרע""ד 10",תרעד 10,2016,2016,לא נבדק ואין זיהום,לא נבדק ואין זיהום,אין זיהום,סקר היסטורי,,לא,לא,לא,לא,לא,לא,מיגון על פי חובה בתשריט
"ת""א",רמת-השרון,בסיס צבא - גלילות - קורת גג,צומת גלילות - רביע צפון מזרחי,2011,2011,לא נבדק ויש פוטנציאל ,היה זיהום בעבר ששוקם,קל,שיקום ,"צה""ל",לא,כן,כן,,לא,לא,טרם נבדק
"ת""א",תל-אביב,שחל 4,שחל 4,2013,2013,יש זיהום ,לא נבדק ואין זיהום,קל,סקר גז קרקע,אחר,לא,לא,כן,לא,לא,לא,מיגון לאחר בדיקה
"ת""א",תל-אביב,שטיבל 8,שטיבל 8,2012,2012,יש זיהום ,נבדק ואין זיהום,כבד,סקר קרקע,אחר,לא,לא,כן,לא,לא,לא,מיגון לאחר בדיקה
"ת""א",תל-אביב,שלמה 8 - 6 ,שלמה 8 - 7,2012,2015,יש זיהום ,היה זיהום בעבר ששוקם,בינוני,סקר קרקע,מוסך,כן,כן,כן,כן,לא,לא,מיגון לאחר בדיקה
"ת""א",תל-אביב,שמעון בן שטח,שמעון בן שטח פינת 3762,2010,2010,נבדק ואין זיהום,נבדק ואין זיהום,אין זיהום,סקר קרקע,אחר,לא,לא,לא,לא,לא,לא,אין צורך במיגון
"ת""א",תל-אביב,ברזילי 12 ו-12 א ,"ברזילי 12, 12 א",2015,2015,יש זיהום,יש זיהום,בינוני,סקר גז קרקע,,לא,לא,כן,לא,לא,לא,מיגון לאחר בדיקה
"ת""א",רמת-גן,"תרע""ד 12,14",תרעד 12-14,2016,2016,לא נבדק ויש פוטנציאל ,לא נבדק ואין זיהום,אין זיהום,סקר קרקע,,לא,לא,לא,לא,לא,לא,מיגון על פי חובה בתשריט
"ת""א",גבעתיים,ארלוזורוב 9,ארלוזורוב 9,2011,2014,נבדק ואין זיהום,לא נבדק ואין זיהום,אין זיהום ,סקר גז קרקע,אחר,,,כן,,,,נבדק וניתן פטור ממיגון
"ת""א",גבעתיים,בורוכוב 33,בורוכוב 33,2011,2014,נבדק ואין זיהום,לא נבדק ואין זיהום,אין זיהום ,סקר גז קרקע,אחר,,,כן,,,,נבדק וניתן פטור ממיגון
"ת""א",בני-ברק,עזרא 21 פינת שלמה המלך ,עזרא 21,2010,2010,נבדק ואין זיהום,נבדק ואין זיהום,אין זיהום,סקר היסטורי,,לא,לא,לא,לא,לא,לא,טרם נבדק
"ת""א",תל-אביב,מתחם אליפלט,"אליפלט, אילת ,3359 פינת הרבי מבכרך",2011,2014,יש זיהום ,היה זיהום בעבר ששוקם,כבד,סקר קרקע,תעשיה,כן,לא,כן,לא,לא,לא,מיגון לאחר בדיקה
"ת""א",תל-אביב,מתחם השוק הסיטונאי - דרומי לב תא,מתחם השוק הסיטונאי - דרומי לב תא - מגרש 6,2013,2013,יש זיהום ,לא נבדק ואין זיהום,קל,סקר גז קרקע,אחר,לא,לא,כן,לא,לא,לא,מיגון לאחר בדיקה
"ת""א",תל-אביב,מתחם נוף אביה,אסירי ציון 1,2002,202,נבדק ואין זיהום,לא נבדק ואין זיהום,אין זיהום ,סקר גז קרקע,אחר,לא,לא,לא,לא,לא,לא,נבדק וניתן פטור ממיגון
"ת""א",תל-אביב,מתחם ניסקו סטודיו 54 -שלמה 54,שלמה 54,2010,2012,יש זיהום ,היה זיהום בעבר ששוקם,קל,סקר קרקע,מוסך,לא,כן,כן,כן,לא,לא,מיגון לאחר בדיקה
"ת""א",תל-אביב,אנילביץ 52,אנילביץ 52,2011,2016,יש זיהום ,היה זיהום בעבר ששוקם,כבד,שיקום ,מוסך,לא,לא,כן,לא,לא,לא,מיגון לאחר בדיקה
"ת""א",תל-אביב,איסרליש 22,איסרליש 22,2005,2006,יש זיהום ,נבדק ואין זיהום,אין זיהום ,סקר גז קרקע,תעשייה,לא,לא,כן,לא,לא,לא,מיגון לאחר בדיקה
"ת""א",גבעתיים,המעגל 15 ,המעגל 15,2013,2013,לא נבדק ואין זיהום,לא נבדק ואין זיהום,אין זיהום ,פוטנציאל זיהום,,,,,,,,נבדק וניתן פטור ממיגון
"ת""א",בת ים,מ.מ.א.ל. ,הפלדה 2,1995,2006,נבדק ואין זיהום,לא נבדק ויש פוטנציאל,אין זיהום ,שיקום ,תעשיה,כן,לא,לא,לא,לא,לא,נבדק וניתן פטור ממיגון
"ת""א",בני-ברק,מגדל ב.ס.ר.3,,2011,2014,נבדק ואין זיהום,לא נבדק ויש פוטנציאל,אין זיהום ,סקר גז קרקע,תעשיה,לא,כן,כן,לא,לא,לא,מיגון על פי חובה בתשריט
"ת""א",הרצלייה,הר 1985 א - חלקה 209,הרב קוק 105,2013,2013,יש זיהום ,נבדק ואין זיהום,כבד,,,לא,כן,לא,לא,לא,לא,מיגון לאחר בדיקה
"ת""א",תל-אביב,הגדוד העברי 43,הגדוד העברי 43,2015,2016,נבדק ואין זיהום,לא נבדק ויש פוטנציאל,אין זיהום,סקר גז קרקע,,לא,לא,לא,לא,לא,לא,נבדק וניתן פטור ממיגון
"ת""א",תל-אביב,החשמל 15,החשמל 15,2012,2012,יש זיהום ,לא נבדק ואין זיהום,בינוני,סקר גז קרקע,אחר,לא,לא,כן,לא,לא,לא,מיגון לאחר בדיקה
"ת""א",תל-אביב,החשמל 17,החשמל 17,2011,2012,יש זיהום ,לא נבדק ואין זיהום,קל,סקר גז קרקע,אחר,לא,לא,כן,לא,לא,לא,מיגון לאחר בדיקה
"ת""א",תל-אביב,המחוגה 7,המחוגה 7,2012,2014,יש זיהום ,לא נבדק ואין זיהום,קל,סקר גז קרקע,תעשיה,לא,לא,כן,לא,לא,לא,מיגון לאחר בדיקה
"ת""א",תל-אביב,המנור 10 פינת העמל,המנור 10 פינת עמל(לפי11),2011,2011,יש זיהום ,לא נבדק ואין זיהום,קל,סקר גז קרקע,,לא,לא,כן,לא,לא,לא,מיגון לאחר בדיקה
"ת""א",תל-אביב,המסגר 30,המסגר 30(לפי30א),2009,2010,יש זיהום ,לא נבדק ואין זיהום,כבד,סקר גז קרקע,,לא,לא,כן,לא,לא,לא,מיגון לאחר בדיקה
"ת""א",תל-אביב,המסגר 32א - מתחם כדורי - תא 3881,המסגר 32א,2009,2012,יש זיהום ,יש זיהום,כבד,סקר קרקע,מוסך,כן,כן,כן,כן,לא,לא,מיגון לאחר בדיקה
"ת""א",תל-אביב,המסגר 34-36,המסגר 34-37,2008,2013,יש זיהום ,היה זיהום בעבר ששוקם,קל,שיקום ,תעשיה,כן,כן,כן,כן,לא,לא,מיגון לאחר בדיקה
"ת""א",תל-אביב,המסגר 42,המסגר 42,2009,2010,יש זיהום ,לא נבדק ואין זיהום,בינוני,סקר גז קרקע,אחר,לא,לא,כן,לא,לא,לא,מיגון לאחר בדיקה
"ת""א",תל-אביב,המסגר 6-8,המסגר 6-8,2010,2013,יש זיהום ,לא נבדק ויש פוטנציאל,בינוני,סקר גז קרקע,,לא,לא,כן,לא,לא,לא,מיגון לאחר בדיקה
"ת""א",תל-אביב,המערכה 25,המערכה 25,2013,2014,נבדק ואין זיהום,לא נבדק ואין זיהום,אין זיהום,סקר גז קרקע,אחר,לא,לא,לא,לא,לא,לא,נבדק וניתן פטור ממיגון
"ת""א",תל-אביב,המרכולת 6,המרכולת 6,2009,2010,יש זיהום ,נבדק ואין זיהום,קל,סקר קרקע,אחר,לא,לא,כן,לא,לא,לא,מיגון לאחר בדיקה
"ת""א",תל-אביב,המרכולת 8,המרכולת 8,2008,2010,יש זיהום ,נבדק ואין זיהום,בינוני,סקר קרקע,אחר,כן,לא,כן,לא,לא,לא,מיגון לאחר בדיקה
"ת""א",תל-אביב,יסוד המעלה 57,יסוד המעלה 57,2011,2011,יש זיהום ,לא נבדק ואין זיהום,קל,סקר גז קרקע,אחר,לא,לא,לא,לא,לא,לא,מיגון על פי חובה בתשריט
"ת""א",תל-אביב,יציאת אירופה 25 ,יציאת אירופה 25,2013,2013,נבדק ואין זיהום,לא נבדק ואין זיהום,אין זיהום,סקר גז קרקע,אחר,לא,לא,לא,לא,לא,לא,מיגון על פי חובה בתשריט
"ת""א",תל-אביב,ישראל בק 31,ישראל בק 31,2011,2012,לא נבדק ויש פוטנציאל ,היה זיהום בעבר ששוקם,קל,שיקום ,אחר,לא,לא,לא,לא,לא,לא,מיגון על פי חובה בתשריט
"ת""א",תל-אביב,ישראל מסלנט 20,ישראל מסלנט 20,2013,2014,יש זיהום ,לא נבדק ואין זיהום,בינוני,סקר גז קרקע,אחר,לא,לא,לא,לא,לא,לא,מיגון על פי חובה בתשריט
"ת""א",תל-אביב,לבונטין 17 - 19 מקווה ישראל 18 - 22 לב לבונטין,לבונטין 17,2012,2013,יש זיהום ,לא נבדק ואין זיהום,כבד,סקר גז קרקע,אחר,לא,לא,לא,לא,לא,לא,מיגון על פי חובה בתשריט
"ת""א",תל-אביב,לוינסקי 62,לוינסקי 62,2012,2012,יש זיהום ,לא נבדק ואין זיהום,כבד,סקר גז קרקע,אחר,לא,לא,לא,לא,לא,לא,מיגון על פי חובה בתשריט
"ת""א",תל-אביב,לוינסקי 9,לוינסקי 9,2013,2013,יש זיהום ,לא נבדק ואין זיהום,בינוני,סקר גז קרקע,אחר,לא,לא,לא,לא,לא,לא,מיגון על פי חובה בתשריט
"ת""א",תל-אביב,מלון אלקונין לילנבלום 9,לילינבלום 9 ,2010,2010,נבדק ואין זיהום,נבדק ואין זיהום,אין זיהום,סקר קרקע,אחר,לא,לא,לא,לא,לא,לא,מיגון על פי חובה בתשריט
"ת""א",תל-אביב,ת.ד. למד,רחוב 2040  25,2009,2014,לא נבדק ויש פוטנציאל ,נבדק ואין זיהום,אין זיהום,סקר קרקע,תחנות דלק,לא,לא,לא,לא,לא,לא,נבדק וניתן פטור ממיגון
"ת""א",תל-אביב,מתחם תנובה ,דרך בגין 144,2011,2014,יש זיהום ,היה זיהום בעבר ששוקם,קל,סקר קרקע,תעשיה,לא,כן,כן,לא,לא,לא,מיגון לאחר בדיקה
"ת""א",תל-אביב,תא 4041- בית אגש רביד,מוזס 13,2014,2014,יש זיהום ,לא נבדק ואין זיהום,קל,סקר גז קרקע,אחר,לא,לא,לא,לא,לא,לא,מיגון לאחר בדיקה
"ת""א",תל-אביב,תוצרת הארץ 14 גן פפה,תוצרת הארץ 14,2010,2013,נבדק ואין זיהום,לא נבדק ואין זיהום,אין זיהום,סקר גז קרקע,אחר,לא,לא,לא,לא,לא,לא,מיגון על פי חובה בתשריט
"ת""א",תל-אביב,"תע""ש ערבי נחל",ערבי נחל פינת יגאל אלון,1996,2013,יש זיהום ,היה זיהום בעבר ששוקם,כבד,סקר קרקע,תעשיה,כן,לא,כן,לא,כן, לא,מיגון לאחר בדיקה
"ת""א",תל-אביב,"בי""ח אסותא ישן",ז'בוטינסקי 62,2011,2013,לא נבדק ויש פוטנציאל ,לא נבדק ויש פוטנציאל,אין זיהום,פוטנציאל זיהום,אחר,לא,לא,לא,לא,לא,לא,מיגון על פי חובה בתשריט
"ת""א",תל-אביב,בן גמליאל 5,,2012,2014,יש זיהום ,לא נבדק ואין זיהום,בינוני,סקר גז קרקע,אחר,לא,לא,כן,לא,לא,לא,מיגון לאחר בדיקה
"ת""א",תל-אביב,בן עטר 12,בן עטר 12,2014,2014,יש זיהום ,נבדק ואין זיהום,כבד,סקר קרקע,תעשיה,לא,לא,כן,לא,לא,לא,מיגון לאחר בדיקה
"ת""א",קרית אונו,בניין מרכזיית בזק - שלמה המלך 6,שלמה המלך 6,2012,2013,לא נבדק ואין זיהום,נבדק ואין זיהום,אין זיהום ,סקר קרקע,אחר,לא,לא,לא,לא,לא,לא,אין צורך במיגון
"ת""א",קרית אונו,גן ילדים,עבר הירדן,2014,2014,נבדק ואין זיהום,לא נבדק ויש פוטנציאל,אין זיהום,סקר גז קרקע,אחר,לא,לא,לא,לא,לא,לא,אין צורך במיגון
"ת""א",תל-אביב,מנחם בגין 156,מנחם בגין 156,2009,2014,לא נבדק ויש פוטנציאל ,היה זיהום בעבר ששוקם,קל,שיקום ,תחנות דלק,לא,כן,כן,לא,לא,לא,מיגון על פי חובה בתשריט
"ת""א",תל-אביב,מנחם בגין 4,מנחם בגין 4,2012,2013,נבדק ואין זיהום,נבדק ואין זיהום,אין זיהום ,סקר קרקע,תעשיה,לא,לא,לא,לא,לא,לא,נבדק וניתן פטור ממיגון
"ת""א",תל-אביב,מסלנט 20,,2013,2014,יש זיהום ,לא נבדק ואין זיהום,בינוני,סקר גז קרקע,אחר,לא,לא,לא,לא,לא,לא,מיגון על פי חובה בתשריט
"ת""א",תל-אביב,מקוה ישראל 17,,2011,2014,יש זיהום ,לא נבדק ואין זיהום,בינוני,סקר גז קרקע,אחר,לא,לא,כן,לא,לא,לא,מיגון לאחר בדיקה
"ת""א",תל-אביב,מקווה ישראל פינת לבונטין,,2011,2014,יש זיהום ,לא נבדק ואין זיהום,בינוני,סקר גז קרקע,אחר,לא,לא,כן,לא,לא,לא,מיגון לאחר בדיקה
"ת""א",תל-אביב,מרגוזה 15 ,מרגוזה 15 ,2012,2013,נבדק ואין זיהום,לא נבדק ואין זיהום,אין זיהום,סקר גז קרקע,אחר,לא,לא,לא,לא,לא,לא,מיגון על פי חובה בתשריט
"ת""א",תל-אביב,מרכז עזריאלי  דרום הקרייה,מרדכי מקלף,2013,2016,יש זיהום ,היה זיהום בעבר ששוקם,כבד,שיקום ,"צה""ל",לא,כן,כן,כן,לא,לא,
"ת""א",תל-אביב,מתחם סלמה 43,סלמה 43 דרך שלמה43,2011,2011,יש זיהום ,היה זיהום בעבר ששוקם,כבד,שיקום ,מוסך,כן,כן,כן,כן,לא,לא,מיגון לאחר בדיקה
"ת""א",תל-אביב,תחנת מעבר פנרמה,דרך בן צבי 96,2004,2004,לא נבדק ויש פוטנציאל,היה זיהום בעבר ששוקם,בינוני,שיקום ,תעשיה,לא,כן,לא,לא,לא,לא,טרם נבדק
"ת""א",רמת-השרון,ת.ד. זעירה דור אלון מגה -,החרושת 19,2009,2012,לא נבדק ויש פוטנציאל ,לא נבדק ויש פוטנציאל,אין זיהום ,פוטנציאל זיהום,,,,,,,,טרם נבדק
"ת""א",גבעתיים,גבעתיים היי - מגדל 4 (גבעתיים סיטי 2),ערבי נחל 9 ,2009,2009,יש זיהום ,לא נבדק ואין זיהום,בינוני ,סקר גז קרקע,,,,כן,,,,מיגון לאחר בדיקה
"ת""א",בת ים,בי 4 - 450,,2012,2013,יש זיהום ,לא נבדק ויש פוטנציאל,בינוני,סקר גז קרקע,,לא,לא,כן,לא,לא,לא,מיגון לאחר בדיקה
"ת""א",בני-ברק,מגדלי ויטה/ בר כוכבא 10,בית חורון 2/4פינת בר כוכבא,2011,2014,נבדק ואין זיהום,לא נבדק ויש פוטנציאל,אין זיהום ,סקר גז קרקע,,לא,לא,לא,לא,לא,לא,טרם נבדק
"ת""א",חולון,בית ספר דביר- התחייה 18,התחייה 18,2015,2016,נבדק ואין זיהום,נבדק ואין זיהום,אין זיהום,סקר גז קרקע,,לא,לא,לא,לא,לא,לא,נבדק וניתן פטור ממיגון
"ת""א",תל-אביב,מתחם קיבוץ גלויות 106,קיבוץ גלויות 108 - 106,2011,2012,נבדק ואין זיהום,היה זיהום בעבר ששוקם,קל,שיקום ,תחנות דלק,לא,כן,לא,כן,לא,לא,נבדק וניתן פטור ממיגון
"ת""א",תל-אביב,מתחם שוק העליה,העלייה 27,2014,2015,נבדק ואין זיהום,נבדק ואין זיהום,אין זיהום,סקר קרקע,אחר,לא,לא,לא,לא,לא,לא,נבדק וניתן פטור ממיגון
"ת""א",תל-אביב,מתחם שרונה,קלמן מגן ,2009,2011,יש זיהום ,נבדק ואין זיהום,כבד,סקר קרקע,מוסך,לא,לא,כן,לא,לא,לא,מיגון לאחר בדיקה
"ת""א",תל-אביב,נחלת בינימין 109,נחלת בנימין 109,2013,2013,נבדק ואין זיהום,לא נבדק ואין זיהום,אין זיהום,סקר גז קרקע,אחר,לא,לא,לא,לא,לא,לא,נבדק וניתן פטור ממיגון
"ת""א",תל-אביב,נחלת בינימין 116,,2012,2012,יש זיהום ,לא נבדק ואין זיהום,כבד,סקר גז קרקע,אחר,לא,לא,כן,לא,לא,לא,מיגון לאחר בדיקה
"ת""א",תל-אביב,נחלת בנימין 133-135,,2014,2014,יש זיהום ,היה זיהום בעבר ששוקם,בינוני,סקר קרקע,תעשיה,כן,לא,לא,לא,לא,לא,מיגון לאחר בדיקה
"ת""א",תל-אביב,נחלת יצחק 20,,2009,2009,יש זיהום ,לא נבדק ואין זיהום,כבד,סקר גז קרקע,תעשיה,לא,לא,כן,לא,לא,לא,מיגון לאחר בדיקה
"ת""א",תל-אביב,סטודיו 54,,2012,2012,יש זיהום ,היה זיהום בעבר ששוקם,קל,שיקום ,תעשייה,לא,כן,כן,לא,לא,לא,מיגון לאחר בדיקה
"ת""א",תל-אביב,סלמה 54,,2011,2011,יש זיהום ,היה זיהום בעבר ששוקם,קל,שיקום ,תעשיה,לא,כן,כן,לא,לא,לא,מיגון לאחר בדיקה
"ת""א",תל-אביב,עמיעד 10,,2012,2013,יש זיהום ,לא נבדק ויש פוטנציאל,קל,סקר גז קרקע,אחר,לא,לא,כן,לא,לא,לא,מיגון לאחר בדיקה
"ת""א",תל-אביב,ערבי הנחל,,1997,2000,יש זיהום ,היה זיהום בעבר ששוקם,כבד,שיקום ,תעשיה,כן,כן,כן,כן,לא,לא,טרם נבדק
"ת""א",תל-אביב,פאול אברהם,הרבי מבכרך 16,2009,2016,יש זיהום ,היה זיהום בעבר ששוקם,כבד,שיקום ,תעשיה,כן,כן,כן,כן,לא,לא,מיגון לאחר בדיקה
"ת""א",תל-אביב,רחוב אליהו מפרדה 17,,2012,2012,נבדק ואין זיהום,לא נבדק ואין זיהום,אין זיהום,סקר גז קרקע,"צה""ל",לא,לא,לא,לא,לא,לא,אין צורך במיגון
"ת""א",תל-אביב,רחוב אליהו מפרדה 27,,2012,2012,יש זיהום ,אין זיהום,לא נבדק ואין זיהום,סקר גז קרקע,אחר,לא,לא,לא,לא,לא,לא,נבדק וניתן פטור ממיגון
"ת""א",תל-אביב,רחוב לוינסקי 62,רחוב לוינסקי 62,2012,2012,יש זיהום ,לא נבדק ואין זיהום,כבד,סקר גז קרקע,אחר,לא,לא,לא,לא,לא,לא,מיגון על פי חובה בתשריט
"ת""א",תל-אביב,רחוב משמר הירדן,משמר הירדן 89,2012,2014,נבדק ואין זיהום,לא נבדק ואין זיהום,אין זיהום,סקר גז קרקע,אחר,לא,לא,לא,לא,לא,לא,נבדק וניתן פטור ממיגון
"ת""א",תל-אביב,שדרות ירושלים 31,,2013,2013,יש זיהום ,לא נבדק ואין זיהום,כבד,סקר גז קרקע,אחר,לא,לא,כן,לא,לא,לא,מיגון לאחר בדיקה
"ת""א",תל-אביב,תעש ערבי נחל,יגאל אלון פינת עליית הנוער,1997,2000,יש זיהום ,היה זיהום בעבר ששוקם,כבד,שיקום ,תעשיה,כן,כן,כן,כן,לא,לא,טרם נבדק
"ת""א",תל-אביב,"שצ""פ- אלעזר בן עזריה 10",בן עזריה 10,2011,2014,יש זיהום ,היה זיהום בעבר ששוקם,בינוני,שיקום ,תעשיה,לא,כן,כן,לא,לא,לא,מיגון לאחר בדיקה
"ת""א",בני-ברק,בב 815 / מגדל צ'מפיון  - ברוך הירש 29 - 23,ברוך הירש 29 - 23,2011,2014,יש זיהום ,לא נבדק ויש פוטנציאל,כבד,סקר גז קרקע,,לא,כן,כן,לא,לא,לא,נבדק וניתן פטור ממיגון
"ת""א",בני-ברק,בב 815 / מגדל צ'מפיון  - ברוך הירש 29 - 23,ברוך הירש 29 - 23,2011,2014,יש זיהום ,לא נבדק ויש פוטנציאל,כבד,סקר גז קרקע,,לא,כן,כן,לא,לא,לא,נבדק וניתן פטור ממיגון
"ת""א",בני-ברק,בב 815 / מגדל צ'מפיון  - ברוך הירש 29 - 23,ברוך הירש 29 - 23,2011,2014,יש זיהום ,לא נבדק ויש פוטנציאל,כבד,סקר גז קרקע,,לא,כן,כן,לא,לא,לא,נבדק וניתן פטור ממיגון
"ת""א",הרצלייה,קצאא,תחנת רכבת הרצליה,2004,2004,יש זיהום ,לא נבדק ויש פוטנציאל,אין זיהום ,שיקום ,תעשיה,לא,כן,לא,לא,לא,לא,נבדק וניתן פטור ממיגון
"ת""א",גבעתיים,סירקין 40,סירקין 40,2012,2012,יש זיהום ,לא נבדק ואין זיהום,כבד,סקר גז קרקע,אחר,לא,לא,כן,לא,לא,לא,מיגון לאחר בדיקה
"ת""א",רמת-השרון,"תע""ש רמה""ש - פארק רחוב הנצח - 40 דונם",רחוב הנצח,2009,2010,יש זיהום ,נבדק ואין זיהום,אין זיהום ,סקר גז קרקע,תעשיה,לא,לא,כן,לא,לא,לא,מיגון לאחר בדיקה
"ת""א",תל-אביב,צ'לנוב 5 א,,2015,2015,לא נבדק ואין זיהום,לא נבדק ואין זיהום,אין זיהום,סקר גז קרקע,,לא,לא,לא,לא,לא,לא,מיגון על פי חובה בתשריט
"ת""א",גבעתיים,ריינס 51,ריינס 51,2014,2014,נבדק ואין זיהום,לא נבדק ואין זיהום,אין זיהום ,סקר גז קרקע,,,,,,,,נבדק וניתן פטור ממיגון
"ת""א",גבעתיים,גבעתיים היי - מגדל 2 (גבעתיים סיטי 2),ערבי נחל 9 ,2011,2011,יש זיהום ,לא נבדק ואין זיהום,בינוני ,סקר גז קרקע,תעשיה,לא,לא,כן,לא,לא,לא,מיגון לאחר בדיקה
"ת""א",גבעתיים,גבעתיים היי (גבעתיים סיטי 2),ערבי נחל 9 ,2006,2012,יש זיהום ,לא נבדק ואין זיהום,בינוני ,סקר גז קרקע,תעשיה,לא,לא,כן,לא,לא,לא,מיגון לאחר בדיקה
"ת""א",גבעתיים,גנסין 13,גנסין 13,2011,2011,נבדק ואין זיהום,לא נבדק ואין זיהום,אין זיהום ,סקר גז קרקע,אחר,לא,לא,לא,לא,לא,לא,נבדק וניתן פטור ממיגון
"ת""א",גבעתיים,גנסין 9,גנסין 9,2010,2011,יש זיהום ,לא נבדק ואין זיהום,קל,סקר גז קרקע,אחר,לא,לא,כן,לא,לא,לא,מיגון לאחר בדיקה
"ת""א",גבעתיים,המעורר 10,המעורר 10,2011,2012,נבדק ואין זיהום,לא נבדק ויש פוטנציאל,אין זיהום ,סקר גז קרקע,אחר,לא,לא,לא,לא,לא,לא,נבדק וניתן פטור ממיגון
"ת""א",גבעתיים,המעורר 11,המעורר 11,2012,2012,נבדק ואין זיהום,לא נבדק ויש פוטנציאל,אין זיהום ,סקר היסטורי,אחר,לא,לא,לא,לא,לא,לא,נבדק וניתן פטור ממיגון
"ת""א",גבעתיים,המעין 42,המעיין 42,2011,2011,נבדק ואין זיהום,לא נבדק ואין זיהום,אין זיהום ,סקר היסטורי,אחר,לא,לא,לא,לא,לא,לא,נבדק וניתן פטור ממיגון
"ת""א",גבעתיים,"הפלמ""ח 5","הפלמ""ח 5",2011,2011,נבדק ואין זיהום,היה זיהום בעבר ששוקם,קל,שיקום ,אחר,לא,כן,לא,לא,לא,לא,נבדק וניתן פטור ממיגון
"ת""א",גבעתיים,הצנחנים 30,הצנחנים 30,2012,2012,יש זיהום ,לא נבדק ואין זיהום,כבד,סקר גז קרקע,אחר,לא,לא,כן,לא,לא,לא,מיגון לאחר בדיקה
"ת""א",גבעתיים,וייצמן 29 - 31 ,וייצמן 29 - 31 ,2011,2011,נבדק ואין זיהום,לא נבדק ואין זיהום,אין זיהום ,סקר גז קרקע,אחר,לא,לא,לא,לא,לא,לא,נבדק וניתן פטור ממיגון
"ת""א",גבעתיים,וייצמן 6 א',וייצמן 6 א',2011,2011,נבדק ואין זיהום,לא נבדק ואין זיהום,אין זיהום ,סקר גז קרקע,אחר,לא,לא,לא,לא,לא,לא,נבדק וניתן פטור ממיגון
"ת""א",תל-אביב,דרך מנחם בגין 121 עזריאלי,דרך מנחם בגין 121 עזריאלי,2011,2013,נבדק ואין זיהום,היה זיהום בעבר ששוקם,קל,שיקום ,"צה""ל",לא,כן,כן,כן,לא,לא,מיגון לאחר בדיקה
"ת""א",תל-אביב,דרך קיבוץ גלויות 18,דרך קיבוץ גלויות 18,2013,2014,יש זיהום ,לא נבדק ואין זיהום,כבד,סקר גז קרקע,תעשיה,לא,לא,כן,לא,לא,לא,מיגון לאחר בדיקה
"ת""א",תל-אביב,האומנים 12,האומנים 12,2007,2011,לא נבדק ויש פוטנציאל ,נבדק ואין זיהום,אין זיהום ,סקר קרקע,אחר,לא,לא,לא,לא,לא,לא,אין צורך במיגון
"ת""א",תל-אביב,הארגז,יגאל אלון 94,2011,2013,יש זיהום ,היה זיהום בעבר ששוקם,בינוני,שיקום ,אחר,לא,לא,לא,לא,לא,לא,מיגון על פי חובה בתשריט
"ת""א",תל-אביב,הברזל 11,הברזל 11,2012,2013,יש זיהום ,היה זיהום בעבר ששוקם,קל,שיקום ,תעשיה,כן,לא,כן,לא,לא,לא,מיגון לאחר בדיקה
"ת""א",תל-אביב,הברזל 15,הברזל 15,2010,2010,נבדק ואין זיהום,לא נבדק ואין זיהום,אין זיהום,סקר גז קרקע,אחר,לא,לא,לא,לא,לא,לא,נבדק וניתן פטור ממיגון
"ת""א",תל-אביב,הברזל 22,הברזל 22,2013,2014,נבדק ואין זיהום,לא נבדק ואין זיהום,אין זיהום,סקר גז קרקע,אחר,לא,לא,לא,לא,לא,לא,נבדק וניתן פטור ממיגון
"ת""א",תל-אביב,הברזל 30,הברזל 30,2010,2012,נבדק ואין זיהום,היה זיהום בעבר ששוקם,קל,שיקום ,תעשיה,כן,כן,לא,כן,לא,לא,נבדק וניתן פטור ממיגון
"ת""א",תל-אביב,הברזל 5 א,הברזל 5 א,2009,2012,יש זיהום ,לא נבדק ואין זיהום,קל,סקר גז קרקע,אחר,לא,לא,כן,לא,לא,לא,מיגון לאחר בדיקה
"ת""א",תל-אביב,הברזל 9 א,הברזל 9 א ,2012,2012,יש זיהום ,לא נבדק ואין זיהום,כבד,סקר גז קרקע,אחר,לא,לא,כן,לא,לא,לא,מיגון לאחר בדיקה
"ת""א",תל-אביב,הגדוד העברי 18,הגודוד העברי 18 ,2013,2014,יש זיהום ,לא נבדק ואין זיהום,קל,סקר גז קרקע,אחר,לא,לא,כן,לא,לא,לא,נבדק וניתן פטור ממיגון
"ת""א",תל-אביב,הנחושת  10,הנחושת 10,2008,2010,יש זיהום ,היה זיהום בעבר ששוקם,קל,שיקום ,תעשיה,כן,לא,לא,לא,לא,לא,מיגון לאחר בדיקה
"ת""א",תל-אביב,העליה 60 פינת פלורנטין,העליה 60 פינת פלורנטין,2011,2011,יש זיהום ,לא נבדק ואין זיהום,קל,סקר גז קרקע,אחר,לא,לא,כן,לא,לא,לא,מיגון לאחר בדיקה
"ת""א",תל-אביב,הקונגרס 11,הקונגרס 11,2011,2011,נבדק ואין זיהום,לא נבדק ואין זיהום,אין זיהום ,סקר גז קרקע,אחר,לא,לא,לא,לא,לא,לא,נבדק וניתן פטור ממיגון
"ת""א",תל-אביב,הקישון 50,,2011,2012,נבדק ואין זיהום,לא נבדק ואין זיהום,אין זיהום ,סקר גז קרקע,אחר,לא,לא,לא,לא,לא,לא,נבדק וניתן פטור ממיגון
"ת""א",תל-אביב,הקןנגרס 1,הקונגרס 1,2009,2009,נבדק ואין זיהום,לא נבדק ואין זיהום,אין זיהום,סקר גז קרקע,אחר,לא,לא,לא,לא,לא,לא,נבדק וניתן פטור ממיגון
"ת""א",תל-אביב,נחלת בנימין 124,נחלת בנימין 124,2011,2016,נבדק ואין זיהום,לא נבדק ואין זיהום,אין זיהום,סקר גז קרקע,אחר,לא,לא,לא,לא,לא,לא,נבדק וניתן פטור ממיגון
"ת""א",חולון,מוסך עתיד,החופר 22,2009,2009,נבדק ואין זיהום,נבדק ואין זיהום,אין זיהום ,סקר גז קרקע,,,,כן,,,,טרם נבדק
"ת""א",תל-אביב,יהודה הימית 20,יהודה הימית 20,2012,2016,נבדק ואין זיהום,יש זיהום,אין זיהום,סקר גז קרקע,אחר,כן,לא,לא,לא,לא,לא,אין צורך במיגון
"ת""א",תל-אביב,מרכולת 5 ,מרכולת 5,2015,2015,לא נבדק ואין זיהום,לא נבדק ואין זיהום,אין זיהום,סקר היסטורי,,לא,לא,לא,לא,לא,לא,מיגון על פי חובה בתשריט
"ת""א",תל-אביב,קומפורט 3 אילת 48,קומפורט 3 אילת 48,2015,2015,נבדק ואין זיהום,נבדק ואין זיהום,אין זיהום,סקר היסטורי,,לא,לא,לא,לא,לא,לא,אין צורך במיגון
"ת""א",גבעתיים,"קק""ל 45","קק""ל 45",2011,2011,לא נבדק ויש פוטנציאל ,לא נבדק ויש פוטנציאל,אין זיהום,סקר גז קרקע,תעשיה,לא,לא,לא,לא,לא,לא,נבדק וניתן פטור ממיגון
"ת""א",תל-אביב,"אס""פ מדרון יפו",קדם,2005,2006,לא נבדק ואין זיהום,היה זיהום בעבר ששוקם,קל,שיקום ,אתרי אשפה,כן,לא,לא,לא,לא,לא,אין צורך במיגון
"ת""א",תל-אביב,מגדל הצעירים ,דרך מנחם בגין 158,2010,2014,לא נבדק ויש פוטנציאל ,היה זיהום בעבר ששוקם,קל,שיקום ,מוסך,לא,כן,לא,כן,לא,לא,מיגון על פי חובה בתשריט
"ת""א",תל-אביב,מגדל עמק ברכה - 29,עמק ברכה 29,2003,2010,יש זיהום ,נבדק ואין זיהום,בינוני,סקר קרקע,אחר,לא,לא,כן,כן,כן,לא,מיגון לאחר בדיקה
"ת""א",תל-אביב,מולדת 5,מולדת 5,2012,2013,נבדק ואין זיהום,לא נבדק ואין זיהום,אין זיהום,סקר גז קרקע,אחר,לא,לא,לא,לא,לא,לא,נבדק וניתן פטור ממיגון
"ת""א",תל-אביב,מטלון 27,מטלון 27,2012,2013,יש זיהום ,לא נבדק ואין זיהום,כבד,סקר גז קרקע,אחר,לא,לא,כן,לא,לא,לא,מיגון לאחר בדיקה
"ת""א",תל-אביב,מטלון 8,מטלון 8,2011,2011,יש זיהום ,לא נבדק ואין זיהום,כבד,סקר גז קרקע,אחר,לא,לא,כן,לא,לא,לא,מיגון לאחר בדיקה
"ת""א",תל-אביב,נועם 5,נועם 5,2011,2012,יש זיהום ,לא נבדק ואין זיהום,קל,סקר גז קרקע,אחר,לא,לא,כן,לא,לא,לא,מיגון לאחר בדיקה
"ת""א",תל-אביב,נחלאות 5,נחלאות 5,2012,2012,נבדק ואין זיהום,לא נבדק ואין זיהום,אין זיהום,סקר גז קרקע,אחר,לא,לא,לא,לא,לא,לא,נבדק וניתן פטור ממיגון
"ת""א",תל-אביב,נחלת בנימין 108,נחלת בנימין 108,2010,2010,נבדק ואין זיהום,נבדק ואין זיהום,אין זיהום,סקר קרקע,אחר,לא,לא,לא,לא,לא,לא,נבדק וניתן פטור ממיגון
"ת""א",תל-אביב,נחלת בנימין 109,נחלת בנימין 109,2013,2013,נבדק ואין זיהום,לא נבדק ואין זיהום,אין זיהום,סקר גז קרקע,אחר,לא,לא,לא,לא,לא,לא,נבדק וניתן פטור ממיגון
"ת""א",תל-אביב,נחלת בנימין 116,נחלת בנימין 116,2012,2012,יש זיהום ,לא נבדק ואין זיהום,כבד,סקר גז קרקע,אחר,לא,לא,כן,לא,לא,לא,מיגון לאחר בדיקה
"ת""א",תל-אביב,נחלת בנימין 133-135,נחלת בנימין 133-135,2014,2014,יש זיהום ,היה זיהום בעבר ששוקם,בינוני,סקר קרקע,תעשיה,כן,לא,לא,לא,לא,לא,מיגון לאחר בדיקה
"ת""א",תל-אביב,אליהו מפרארה 17,אליהו מפרארה 17,2012,2012,נבדק ואין זיהום,לא נבדק ואין זיהום,אין זיהום,סקר גז קרקע,"צה""ל",לא,לא,לא,לא,לא,לא,אין צורך במיגון
"ת""א",תל-אביב,אליהו מפרארה 22,אליהו מפרארה 22,2012,2012,נבדק ואין זיהום,לא נבדק ואין זיהום,אין זיהום,סקר גז קרקע,"צה""ל",לא,לא,לא,לא,לא,לא,אין צורך במיגון
"ת""א",תל-אביב,אליהו מפרארה 38,אליהו מפרארה 38,2012,2012,לא נבדק ואין זיהום,לא נבדק ואין זיהום,אין זיהום,סקר גז קרקע,"צה""ל",לא,לא,לא,לא,לא,לא,אין צורך במיגון
"ת""א",תל-אביב,ארבר 13/ גרינבוים 23,גרינבוים 23,2013,2013,נבדק ואין זיהום,לא נבדק ויש פוטנציאל,אין זיהום ,סקר גז קרקע,אחר,לא,לא,לא,לא,לא,לא,אין צורך במיגון
"ת""א",גבעתיים,גן הילדים סביון,פועלי הרכבת 24,2011,2011,יש זיהום ,לא נבדק ואין זיהום,בינוני ,סקר גז קרקע,אחר,לא,לא,כן,לא,לא,לא,מיגון לאחר בדיקה
"ת""א",בת ים,מוסך דן,העמל 14 ,2004,2007,נבדק ואין זיהום,לא נבדק ויש פוטנציאל,אין זיהום ,שיקום ,מוסך,לא,לא,לא,כן,לא,לא,נבדק וניתן פטור ממיגון
"ת""א",בת ים,מתחם ניסנבאום,הרב ניסבום יצחק 37,2010,2011,יש זיהום ,לא נבדק ויש פוטנציאל,כבד,סקר גז קרקע,תעשיה,לא,לא,כן,לא,לא,לא,מיגון לאחר בדיקה
"ת""א",בת ים,קסטרו,האורגים 5 ,2003,2005,יש זיהום ,לא נבדק ויש פוטנציאל,כבד,סקר קרקע,תעשיה,כן,לא,לא,לא,לא,לא,נבדק וניתן פטור ממיגון
"ת""א",בת ים,"ת.ד. סד""ש האורגים (פרטי)",האורגים,2007,2011,יש זיהום ,לא נבדק ויש פוטנציאל,כבד,שיקום ,תחנות דלק,לא,כן,לא,לא,לא,לא,נבדק וניתן פטור ממיגון
"ת""א",רמת-השרון,הכפר הירוק - בריכות חימצון - בוצה,"הכפר הירוק, חלק צפון מערבי",2009,2012,לא נבדק ויש פוטנציאל ,היה זיהום בעבר ששוקם,קל,שיקום ,אחר,כן,,,,,,טרם נבדק
"ת""א",בני-ברק,בר כוכבא 12,בר כוכבא 12,2016,2016,נבדק ואין זיהום,לא נבדק ויש פונציאל,אין זיהום,סקר קרקע,,לא,לא,לא,לא,לא,לא,נבדק וניתן פטור ממיגון
"ת""א",בני-ברק,בר כוכבא 12,בר כוכבא 12,2016,2016,נבדק ואין זיהום,לא נבדק ויש פונציאל,אין זיהום,סקר קרקע,,לא,לא,לא,לא,לא,לא,נבדק וניתן פטור ממיגון
"ת""א",גלילי,חירייה,תחנת תדלוק פנימית,2004,2012,נבדק ואין זיהום,לא נבדק ויש פוטנציאל,אין זיהום ,שיקום ,תחנות דלק,לא,כן,לא,לא,לא,לא,טרם נבדק
"ת""א",תל-אביב,"רחוב הל""ה 52","רחוב הל""ה 52",2010,2011,יש זיהום ,לא נבדק ויש פוטנציאל,אין זיהום ,סקר גז קרקע,אחר,לא,לא,לא,לא,לא,לא,נבדק וניתן פטור ממיגון
"ת""א",גבעתיים,המרי 27,המרי 27,2015,2016,נבדק ואין זיהום,נבדק ואין זיהום,אין זיהום,סקר גז קרקע,,לא,לא,לא,לא,לא,לא,אין צורך במיגון
"ת""א",תל-אביב,מזרחי 3,מזרחי 3,2016,20016,לא נבדק ואין זיהום,לא נבדק ואין זיהום,אין זיהום,לא צריך טיפול,,לא,לא,לא,לא,לא,לא,אין צורך במיגון
"ת""א",הרצלייה,גב ים,המדע 1,2007,2012,נבדק ואין זיהום,לא נבדק ויש פוטנציאל,אין זיהום ,סקר גז קרקע,תעשיה,לא,לא,כן,לא,לא,לא,מיגון לאחר בדיקה
"ת""א",רמת-השרון,מתחם החלוץ - רש 1066,החלוץ 42-46,2011,2012,יש זיהום ,לא נבדק ואין זיהום,כבד,סקר גז קרקע,תעשיה,לא,לא,כן,לא,לא,לא,מיגון לאחר בדיקה
"ת""א",בני-ברק,בית חולים מעיני הישועה,בית חולים מעיני הישועה-הרב פוברסקי17,2011,2014,נבדק ואין זיהום,לא נבדק ויש פוטנציאל,אין זיהום ,סקר גז קרקע,,לא,לא,לא,לא,לא,לא,טרם נבדק
"ת""א",בני-ברק,בר כוכבא 4,בר כוכבא 4,2009,2012,לא נבדק ואין זיהום,נבדק ואין זיהום,אין זיהום,סקר קרקע,,לא,לא,לא,לא,לא,לא,טרם נבדק
"ת""א",חולון,אלישרא - המרכבה 29 - 27,המרכבה 29 - 27,2010,2014,יש זיהום ,נבדק ואין זיהום,בינוני ,שיקום ,תעשיה,,לא,כן,לא,לא,לא,מיגון לאחר בדיקה
"ת""א",תל-אביב,בעל העקדה 5,העל העקדה 5,2014,2014,לא נבדק ואין זיהום,לא נבדק ואין זיהום,אין זיהום,סקר היסטורי,אחר,לא,לא,לא,לא,לא,לא,אין צורך במיגון
"ת""א",תל-אביב,בעל העקידה 17-19,בעל העקידה 17-19,2013,2014,נבדק ואין זיהום,לא נבדק ואין זיהום,אין זיהום ,סקר גז קרקע,"צה""ל",לא,לא,לא,לא,לא,לא,נבדק וניתן פטור ממיגון
"ת""א",תל-אביב,בצרון 22,בצרון 22,2014,2014,יש זיהום ,לא נבדק ואין זיהום,קל,סקר גז קרקע,אחר,לא,לא,כן,לא,לא,לא,מיגון לאחר בדיקה
"ת""א",תל-אביב,"מחנה הקריה ח""א",קפלן,2008,2011,יש זיהום ,יש זיהום,כבד,סקר קרקע,"צה""ל",כן,לא,כן,לא,לא,לא,
"ת""א",תל-אביב,מתחם גינדי - מגרש 9,מגרש 9 הארבעה 28 _(לפי26)- ארניה פינת הארבעה,2010,2014,יש זיהום ,נבדק ואין זיהום,בינוני,סקר קרקע,אחר,לא,לא,לא,לא,לא,לא,מיגון על פי חובה בתשריט
"ת""א",תל-אביב,מתחם גינדי - שרונה,קלמן מגן ,2009,2011,יש זיהום ,נבדק ואין זיהום,כבד,סקר קרקע,מוסך,לא,לא,כן,לא,לא,לא,מיגון לאחר בדיקה
"ת""א",בת ים,בית המשפט החדש- אהוד קינמון 47,אהוד קינמון 47,2016,2016,נבדק ואין זיהום,לא נבדק ויש פוטנציאל ,אין זיהום,סקר גז קרקע,,לא,לא,לא,לא,לא,לא,טרם נבדק
"ת""א",תל-אביב,אביב בלבונטין,"הרכבת 12, לבונטין 30, מקווה ישראל 17",2011,2011,לא נבדק ויש פוטנציאל,לא נבדק ויש פוטנציאל,אין זיהום ,,,,,,,,,
"ת""א",תל-אביב,גן הילדים ,ראש פינה 12 פינת המעלה,2011,2012,נבדק ואין זיהום,לא נבדק ויש פוטנציאל,אין זיהום ,,,,,,,,,
"ת""א",רמת-גן,"הברזל 28, בית הארזים",הברזל 28,2003,2003,נבדק ואין זיהום,לא נבדק ויש פוטנציאל,אין זיהום ,שיקום ,תעשיה,,,,,,,
"ת""א",רמת-גן,החלזון 5,החלזון 5,2007,2008,נבדק ואין זיהום,לא נבדק ויש פוטנציאל,אין זיהום ,שיקום ,אחר,לא,כן,לא,כן,לא,לא,מיגון לאחר בדיקה
"ת""א",רמת-גן,היצירה 24,היצירה 24,2008,2008,נבדק ואין זיהום,לא נבדק ויש פוטנציאל,אין זיהום ,סקר גז קרקע,תעשיה,לא,לא,לא,לא,לא,לא,נבדק וניתן פטור ממיגון
"ת""א",תל-אביב,המסגר 34,המסגר 34,2008,2008,נבדק ואין זיהום,לא נבדק ויש פוטנציאל,אין זיהום ,,,,,,,,,נבדק וניתן פטור ממיגון
"ת""א",רמת-גן,מגדל הגפן,,2005,2006,נבדק ואין זיהום,לא נבדק ויש פוטנציאל,אין זיהום ,סקר קרקע,אחר,לא,לא,לא,לא,לא,לא,נבדק וניתן פטור ממיגון
"ת""א",חולון,פאר ציפויים,המלאכה 9 ,2005,2005,יש זיהום ,לא נבדק ויש פוטנציאל,אין זיהום ,שיקום ,תעשיה,כן,לא,לא,לא,לא,לא,נבדק וניתן פטור ממיגון
"ת""א",תל-אביב,קרית עתידים,קרית עתידים 8,2006,2006,יש זיהום ,לא נבדק ויש פוטנציאל,אין זיהום ,סקר קרקע,,,,,,,,
"ת""א",תל-אביב,ראול ולנברג,ראול ולנברג 122,2005,2005,יש זיהום ,לא נבדק ויש פוטנציאל,אין זיהום ,סקר קרקע,,,,,,,,
"ת""א",תל-אביב,רדינג- אתר דלק 2,,2001,2001,יש זיהום ,לא נבדק ויש פוטנציאל,אין זיהום ,שיקום ,תעשיה,לא,כן,לא,לא,לא,לא,נבדק וניתן פטור ממיגון
"ת""א",תל-אביב,רדינג -תחנה,,2005,2005,יש זיהום ,לא נבדק ויש פוטנציאל,אין זיהום ,שיקום ,תעשיה,,,,,,,
"ת""א",תל-אביב,רדינג ג',,2006,2006,יש זיהום ,לא נבדק ויש פוטנציאל,אין זיהום ,סקר קרקע,תעשיה,,,,,,,
"ת""א",גבעתיים,ריינס 9,ריינס 9,2011,2011,יש זיהום ,יש זיהום,כבד,סקר גז קרקע,תעשיה,לא,לא,כן,לא,לא,לא,מיגון לאחר בדיקה
"ת""א",רמת-השרון,רש - 1010 - שטח חקלאי,רצועת הנופש,2010,2010,לא נבדק ואין זיהום,לא נבדק ואין זיהום,אין זיהום,סקר היסטורי,אחר,,,,,,,נבדק וניתן פטור ממיגון
